unit_id,record_id,doi,matrix_before,matrix_after,treatment_process,outcome_ids,targets,domain,XCN_final_judgement,TU_final_judgement,comparison_status,final_joint_judgement,source_locator,joint_reconciliation_rationale,XCN_confirmation,TU_confirmation,joint_reconciliation_date
R0054-U01,R0054,10.1016/j.scitotenv.2022.156773,influent,final effluent,CAS,O_000067; O_000068; O_000069,intI1; sul1; tetA,D1,Low concern,Low concern,Exact agreement,Low concern,PDF p.2,Exact agreement between X.C.N. and T.U.; jointly accepted.,Accepted,Accepted,2026-09-13
R0054-U01,R0054,10.1016/j.scitotenv.2022.156773,influent,final effluent,CAS,O_000067; O_000068; O_000069,intI1; sul1; tetA,D2,Low concern,Some concerns,Disagreement — source-linked adjudication required,Some concerns,PDF p.2; PDF pp.2-8,"PDF p.2 reports monthly 24-h influent/effluent composites for six months, but no HRT/lag linkage. The design is credible but does not meet Low concern.",Accepted,Accepted,2026-09-13
R0054-U01,R0054,10.1016/j.scitotenv.2022.156773,influent,final effluent,CAS,O_000067; O_000068; O_000069,intI1; sul1; tetA,D3,Some concerns,Some concerns,Exact agreement,Some concerns,PDF p.2; PDF p.3; PDF pp.1-10,Exact agreement between X.C.N. and T.U.; jointly accepted.,Accepted,Accepted,2026-09-13
R0054-U01,R0054,10.1016/j.scitotenv.2022.156773,influent,final effluent,CAS,O_000067; O_000068; O_000069,intI1; sul1; tetA,D4,Low concern,Some concerns,Disagreement — source-linked adjudication required,Some concerns,PDF p.1; PDF p.2; PDF pp.1-10,"PDF p.2 identifies CAS and plant scale, but no CAS operating conditions relevant to the comparison are reported.",Accepted,Accepted,2026-09-13
R0054-U01,R0054,10.1016/j.scitotenv.2022.156773,influent,final effluent,CAS,O_000067; O_000068; O_000069,intI1; sul1; tetA,D5,Some concerns,Low concern,Disagreement — source-linked adjudication required,Some concerns,PDF p.5; PDF p.4; PDF p.3-4,"PDF pp.3-4 reports appraised targets and removals, but lacks explicit non-detect/zero/exclusion handling.",Accepted,Accepted,2026-09-13
R0090-U01,R0090,10.1016/j.watres.2023.120761,influent,effluent,activated sludge-based WWTP,O_000114; O_000117,ermB; sul1,D1,Some concerns,Some concerns,Exact agreement,Some concerns,PDF p.4; PDF p.5,Exact agreement between X.C.N. and T.U.; jointly accepted.,Accepted,Accepted,2026-09-13
R0090-U01,R0090,10.1016/j.watres.2023.120761,influent,effluent,activated sludge-based WWTP,O_000114; O_000117,ermB; sul1,D2,Low concern,No information,Disagreement — source-linked adjudication required,Critical concern / insufficient reporting,PDF p.3; PDF p.5; PDF p.4,"Original PDF p.3 Table 1 lists pooled influent and effluent groups with non-identical dates for at least one municipal plant (e.g., PT_RWW_UWTP 12 Mar 2019 versus PT_TWW_UWTP 14 Mar 2019); p.5-6 then reports a pooled I-E comparison. The study does not establish a matched treatment-context comparison, so this is a clearly potentially biased temporal comparison rather than merely missing HRT.",Accepted,Accepted,2026-09-13
R0090-U01,R0090,10.1016/j.watres.2023.120761,influent,effluent,activated sludge-based WWTP,O_000114; O_000117,ermB; sul1,D3,Low concern,Some concerns,Disagreement — source-linked adjudication required,Some concerns,PDF p.2; PDF p.4; PDF pp.1-9,"PDF p.4 Sec 2.3 reports standard curves, 90-110% efficiency acceptance, duplicate reactions and melt-curve/artifact criteria; no LOD/LOQ is reported in the accessible article. This is one material QC gap, not absence of essential assay information.",Accepted,Accepted,2026-09-13
R0090-U01,R0090,10.1016/j.watres.2023.120761,influent,effluent,activated sludge-based WWTP,O_000114; O_000117,ermB; sul1,D4,Some concerns,Some concerns,Exact agreement,Some concerns,PDF p.2; PDF p.4; PDF pp.1-9,Exact agreement between X.C.N. and T.U.; jointly accepted.,Accepted,Accepted,2026-09-13
R0090-U01,R0090,10.1016/j.watres.2023.120761,influent,effluent,activated sludge-based WWTP,O_000114; O_000117,ermB; sul1,D5,Low concern,Some concerns,Disagreement — source-linked adjudication required,Some concerns,PDF p.3; PDF p.6; PDF p.5,"PDF p.3 Table 1 and p.5-6 show pooled groups and report all ten biomarker averages, but do not provide outcome-specific handling of non-detects/zeros/exclusions for the appraised genes. Low concern is not justified by completeness of a pooled table alone.",Accepted,Accepted,2026-09-13
R0170-U01,R0170,10.1016/j.jhazmat.2021.127352,influent,effluent,EGSB anaerobic reactor,O_000255,tetE,D1,Some concerns,Some concerns,Exact agreement,Some concerns,PDF p.4; PDF p.2,Exact agreement between X.C.N. and T.U.; jointly accepted.,Accepted,Accepted,2026-09-13
R0170-U01,R0170,10.1016/j.jhazmat.2021.127352,influent,effluent,EGSB anaerobic reactor,O_000255,tetE,D2,Some concerns,Low concern,Disagreement — source-linked adjudication required,Low concern,PDF p.10; PDF p.2,PDF p.2 Sec 2.1 explicitly pairs influent In-0/In-50/In-100/In-200 with corresponding E1 effluent EF-0/EF-50/EF-100/EF-200 at defined operational time points in a controlled reactor design.,Accepted,Accepted,2026-09-13
R0170-U01,R0170,10.1016/j.jhazmat.2021.127352,influent,effluent,EGSB anaerobic reactor,O_000255,tetE,D3,Some concerns,Critical concern / insufficient reporting,Disagreement — source-linked adjudication required,Critical concern / insufficient reporting,PDF p.2; PDF p.9; PDF pp.1-11,"PDF p.9 Sec 2.3 reports replicated reactions and use of a standard plasmid but lacks efficiency/R2, LOD/LOQ, negative/no-template control and specificity evidence. Multiple essential validation components are absent.",Accepted,Accepted,2026-09-13
R0170-U01,R0170,10.1016/j.jhazmat.2021.127352,influent,effluent,EGSB anaerobic reactor,O_000255,tetE,D4,Low concern,Low concern,Exact agreement,Low concern,PDF p.1; PDF p.2; PDF p.2-3,Exact agreement between X.C.N. and T.U.; jointly accepted.,Accepted,Accepted,2026-09-13
R0170-U01,R0170,10.1016/j.jhazmat.2021.127352,influent,effluent,EGSB anaerobic reactor,O_000255,tetE,D5,Low concern,Low concern,Exact agreement,Low concern,PDF p.2; PDF p.10,Exact agreement between X.C.N. and T.U.; jointly accepted.,Accepted,Accepted,2026-09-13
R0180-U01,R0180,10.1007/s41742-023-00552-8,influent,final effluent,anaerobic digestion followed by anaerobic ponds,O_000292; O_000293,blaTEM; ermB,D1,Low concern,Low concern,Exact agreement,Low concern,PDF p.1; PDF p.3-4; PDF p.5,Exact agreement between X.C.N. and T.U.; jointly accepted.,Accepted,Accepted,2026-09-13
R0180-U01,R0180,10.1007/s41742-023-00552-8,influent,final effluent,anaerobic digestion followed by anaerobic ponds,O_000292; O_000293,blaTEM; ermB,D2,Some concerns,Some concerns,Exact agreement,Some concerns,PDF p.3; PDF p.4; PDF pp.1-15,Exact agreement between X.C.N. and T.U.; jointly accepted.,Accepted,Accepted,2026-09-13
R0180-U01,R0180,10.1007/s41742-023-00552-8,influent,final effluent,anaerobic digestion followed by anaerobic ponds,O_000292; O_000293,blaTEM; ermB,D3,Low concern,Some concerns,Disagreement — source-linked adjudication required,Some concerns,PDF p.1; PDF p.10-11; PDF pp.1-15,"PDF pp.10-11 reports triplicates, NTC and six-point plasmid standards, but no efficiency/R2 or LOD/LOQ.",Accepted,Accepted,2026-09-13
R0180-U01,R0180,10.1007/s41742-023-00552-8,influent,final effluent,anaerobic digestion followed by anaerobic ponds,O_000292; O_000293,blaTEM; ermB,D4,Low concern,Low concern,Exact agreement,Low concern,PDF p.3; PDF p.12-13,Exact agreement between X.C.N. and T.U.; jointly accepted.,Accepted,Accepted,2026-09-13
R0180-U01,R0180,10.1007/s41742-023-00552-8,influent,final effluent,anaerobic digestion followed by anaerobic ponds,O_000292; O_000293,blaTEM; ermB,D5,Some concerns,Low concern,Disagreement — source-linked adjudication required,Some concerns,PDF p.3; PDF p.17,PDF p.17 reports both target-gene reductions but does not state handling of non-detects/zeros/exclusions.,Accepted,Accepted,2026-09-13
R0196-U01,R0196,10.1016/j.watres.2020.116752,influent,final effluent,AB-line versus aerobic granular sludge,O_000317,ermB,D1,Low concern,Low concern,Exact agreement,Low concern,PDF p.1; PDF p.5; PDF p.2,Exact agreement between X.C.N. and T.U.; jointly accepted.,Accepted,Accepted,2026-09-13
R0196-U01,R0196,10.1016/j.watres.2020.116752,influent,final effluent,AB-line versus aerobic granular sludge,O_000317,ermB,D2,Some concerns,Low concern,Disagreement — source-linked adjudication required,Low concern,PDF p.3; PDF p.16,PDF p.3 reports the AGS HRT (6 h) and the compared AB/AGS configuration is explicitly described. The unit is a defined full-scale treatment comparison with relevant retention information.,Accepted,Accepted,2026-09-13
R0196-U01,R0196,10.1016/j.watres.2020.116752,influent,final effluent,AB-line versus aerobic granular sludge,O_000317,ermB,D3,Some concerns,Low concern,Disagreement — source-linked adjudication required,Some concerns,PDF p.1; PDF p.12; PDF p.11-12,"PDF pp.11-12 documents an internal extraction control, operational treatment of undetectable/unquantifiable results and cites an earlier qPCR protocol, but does not itself report the full assay-specific validation bundle. The citation does not replace reporting of all key QC parameters in the appraisal source.",Accepted,Accepted,2026-09-13
R0196-U01,R0196,10.1016/j.watres.2020.116752,influent,final effluent,AB-line versus aerobic granular sludge,O_000317,ermB,D4,Low concern,Low concern,Exact agreement,Low concern,PDF p.1; PDF p.9,Exact agreement between X.C.N. and T.U.; jointly accepted.,Accepted,Accepted,2026-09-13
R0196-U01,R0196,10.1016/j.watres.2020.116752,influent,final effluent,AB-line versus aerobic granular sludge,O_000317,ermB,D5,Low concern,Low concern,Exact agreement,Low concern,PDF p.3; PDF p.9,Exact agreement between X.C.N. and T.U.; jointly accepted.,Accepted,Accepted,2026-09-13
R0196-U02,R0196,10.1016/j.watres.2020.116752,influent,final effluent,full-scale wastewater treatment,O_000309; O_000310; O_000311,blaCTX-M; ermB; tetM,D1,Low concern,Low concern,Exact agreement,Low concern,PDF p.1; PDF p.5,Exact agreement between X.C.N. and T.U.; jointly accepted.,Accepted,Accepted,2026-09-13
R0196-U02,R0196,10.1016/j.watres.2020.116752,influent,final effluent,full-scale wastewater treatment,O_000309; O_000310; O_000311,blaCTX-M; ermB; tetM,D2,Some concerns,Some concerns,Exact agreement,Some concerns,PDF p.3; PDF p.5,Exact agreement between X.C.N. and T.U.; jointly accepted.,Accepted,Accepted,2026-09-13
R0196-U02,R0196,10.1016/j.watres.2020.116752,influent,final effluent,full-scale wastewater treatment,O_000309; O_000310; O_000311,blaCTX-M; ermB; tetM,D3,Some concerns,Low concern,Disagreement — source-linked adjudication required,Some concerns,PDF p.1; PDF p.12; PDF p.9,"Same qPCR evidence as R0196-U01: useful internal control and outcome thresholds are reported, but the complete assay-validation bundle is only referenced rather than reported in the article.",Accepted,Accepted,2026-09-13
R0196-U02,R0196,10.1016/j.watres.2020.116752,influent,final effluent,full-scale wastewater treatment,O_000309; O_000310; O_000311,blaCTX-M; ermB; tetM,D4,Low concern,Some concerns,Disagreement — source-linked adjudication required,Some concerns,PDF p.1; PDF p.3,"PDF p.3 identifies materially different full-scale AB-line/AGS and conventional configurations. The pooled full-scale comparison is identifiable, but a single unit cannot be attributed to one fully specified operating context.",Accepted,Accepted,2026-09-13
R0196-U02,R0196,10.1016/j.watres.2020.116752,influent,final effluent,full-scale wastewater treatment,O_000309; O_000310; O_000311,blaCTX-M; ermB; tetM,D5,Low concern,Low concern,Exact agreement,Low concern,PDF p.3; PDF p.9,Exact agreement between X.C.N. and T.U.; jointly accepted.,Accepted,Accepted,2026-09-13
R0236-U01,R0236,10.1039/c6ew00322b,influent,final effluent,IH WWTP,O_000408; O_000409,sul1; sul2,D1,Some concerns,Low concern,Disagreement — source-linked adjudication required,Low concern,PDF p.1; PDF p.4-5,"PDF pp.4-5 describes daily influent/effluent sampling over 13 days, a defensible repeated sampling period with unambiguous stages.",Accepted,Accepted,2026-09-13
R0236-U01,R0236,10.1039/c6ew00322b,influent,final effluent,IH WWTP,O_000408; O_000409,sul1; sul2,D2,Low concern,Some concerns,Disagreement — source-linked adjudication required,Some concerns,PDF p.3; PDF p.4; PDF p.4-5,PDF p.4 explicitly says HRT was not communicated; corresponding-day sampling over 13 days establishes same-campaign context but not hydraulic linkage.,Accepted,Accepted,2026-09-13
R0236-U01,R0236,10.1039/c6ew00322b,influent,final effluent,IH WWTP,O_000408; O_000409,sul1; sul2,D3,Some concerns,Some concerns,Exact agreement,Some concerns,PDF p.4; PDF p.9-10; PDF pp.1-14,Exact agreement between X.C.N. and T.U.; jointly accepted.,Accepted,Accepted,2026-09-13
R0236-U01,R0236,10.1039/c6ew00322b,influent,final effluent,IH WWTP,O_000408; O_000409,sul1; sul2,D4,Low concern,Some concerns,Disagreement — source-linked adjudication required,Some concerns,PDF p.1; PDF p.3; PDF p.4,"PDF pp.3-4 identifies conventional activated sludge and chlorine dose, but expressly lacks HRT and filtration-flow information.",Accepted,Accepted,2026-09-13
R0236-U01,R0236,10.1039/c6ew00322b,influent,final effluent,IH WWTP,O_000408; O_000409,sul1; sul2,D5,Low concern,Low concern,Exact agreement,Low concern,PDF p.5; PDF p.13,Exact agreement between X.C.N. and T.U.; jointly accepted.,Accepted,Accepted,2026-09-13
R0236-U02,R0236,10.1039/c6ew00322b,influent,final effluent,SH WWTP,O_000405,tetZ,D1,Some concerns,Low concern,Disagreement — source-linked adjudication required,Low concern,PDF p.1; PDF p.4-5,Same 13-day repeated sampling design as U01 (PDF pp.4-5).,Accepted,Accepted,2026-09-13
R0236-U02,R0236,10.1039/c6ew00322b,influent,final effluent,SH WWTP,O_000405,tetZ,D2,Low concern,Some concerns,Disagreement — source-linked adjudication required,Some concerns,PDF p.3; PDF p.4,Same explicit lack of HRT but credible corresponding-day campaign as U01 (PDF p.4).,Accepted,Accepted,2026-09-13
R0236-U02,R0236,10.1039/c6ew00322b,influent,final effluent,SH WWTP,O_000405,tetZ,D3,Some concerns,Some concerns,Exact agreement,Some concerns,PDF p.4; PDF p.9-10,Exact agreement between X.C.N. and T.U.; jointly accepted.,Accepted,Accepted,2026-09-13
R0236-U02,R0236,10.1039/c6ew00322b,influent,final effluent,SH WWTP,O_000405,tetZ,D4,Low concern,Some concerns,Disagreement — source-linked adjudication required,Some concerns,PDF p.1; PDF p.3; PDF p.4,Same identifiable conventional activated-sludge process but incomplete operating context as U01 (PDF pp.3-4).,Accepted,Accepted,2026-09-13
R0236-U02,R0236,10.1039/c6ew00322b,influent,final effluent,SH WWTP,O_000405,tetZ,D5,Low concern,Low concern,Exact agreement,Low concern,PDF p.5; PDF p.13,Exact agreement between X.C.N. and T.U.; jointly accepted.,Accepted,Accepted,2026-09-13
R0262-U01,R0262,10.1016/j.watres.2019.05.100,influent,final effluent,WWTP treatment,O_000453; O_000454; O_000455; O_000456; O_000457; O_000458; O_000459,blaCTX-M; ermB; intI1; qnrS; sul1; sul2; tetM,D1,Low concern,Some concerns,Disagreement — source-linked adjudication required,Some concerns,PDF p.3; PDF p.4,"PDF p.4 Sec 2 describes one 24-h flow-proportional composite per plant in a cross-sectional survey. Time integration is appropriate, but no repeated campaign or within-plant biological replication is reported.",Accepted,Accepted,2026-09-13
R0262-U01,R0262,10.1016/j.watres.2019.05.100,influent,final effluent,WWTP treatment,O_000453; O_000454; O_000455; O_000456; O_000457; O_000458; O_000459,blaCTX-M; ermB; intI1; qnrS; sul1; sul2; tetM,D2,Low concern,Low concern,Exact agreement,Low concern,PDF p.3; PDF p.8; PDF p.17,Exact agreement between X.C.N. and T.U.; jointly accepted.,Accepted,Accepted,2026-09-13
R0262-U01,R0262,10.1016/j.watres.2019.05.100,influent,final effluent,WWTP treatment,O_000453; O_000454; O_000455; O_000456; O_000457; O_000458; O_000459,blaCTX-M; ermB; intI1; qnrS; sul1; sul2; tetM,D3,Some concerns,Critical concern / insufficient reporting,Disagreement — source-linked adjudication required,Critical concern / insufficient reporting,PDF p.2; PDF p.5; PDF pp.1-11,"PDF p.5 Sec 2.2 identifies qPCR targets and extraction but reports no primer/assay conditions, efficiency/R2, replication or positive/negative controls. A detection-limit rule alone is insufficient for outcome validity.",Accepted,Accepted,2026-09-13
R0262-U01,R0262,10.1016/j.watres.2019.05.100,influent,final effluent,WWTP treatment,O_000453; O_000454; O_000455; O_000456; O_000457; O_000458; O_000459,blaCTX-M; ermB; intI1; qnrS; sul1; sul2; tetM,D4,Low concern,Low concern,Exact agreement,Low concern,PDF p.2; PDF p.8-9; PDF p.17,Exact agreement between X.C.N. and T.U.; jointly accepted.,Accepted,Accepted,2026-09-13
R0262-U01,R0262,10.1016/j.watres.2019.05.100,influent,final effluent,WWTP treatment,O_000453; O_000454; O_000455; O_000456; O_000457; O_000458; O_000459,blaCTX-M; ermB; intI1; qnrS; sul1; sul2; tetM,D5,Some concerns,Low concern,Disagreement — source-linked adjudication required,Low concern,PDF p.3; PDF p.9-10,"PDF pp.9-10 reports gene-specific reductions across 62 WWTPs and explicitly identifies below-detection handling for blaCTX-M, including the exclusion rule. The outcome denominator and censoring treatment are transparent.",Accepted,Accepted,2026-09-13
R0272-U01,R0272,10.1016/j.envpol.2025.126096,influent,secondary effluent,activated sludge; tertiary UV treatment,O_000483,class 1 integrons,D1,Low concern,Low concern,Exact agreement,Low concern,PDF p.2; PDF p.3,Exact agreement between X.C.N. and T.U.; jointly accepted.,Accepted,Accepted,2026-09-13
R0272-U01,R0272,10.1016/j.envpol.2025.126096,influent,secondary effluent,activated sludge; tertiary UV treatment,O_000483,class 1 integrons,D2,Some concerns,Some concerns,Exact agreement,Some concerns,PDF p.2; PDF p.3; PDF pp.1-15,Exact agreement between X.C.N. and T.U.; jointly accepted.,Accepted,Accepted,2026-09-13
R0272-U01,R0272,10.1016/j.envpol.2025.126096,influent,secondary effluent,activated sludge; tertiary UV treatment,O_000483,class 1 integrons,D3,Some concerns,Critical concern / insufficient reporting,Disagreement — source-linked adjudication required,Critical concern / insufficient reporting,PDF p.1; PDF p.5; PDF pp.1-15,"PDF p.5 gives mean Ct from technical triplicates and a 16S standard curve but no target-specific efficiency/R2, controls or LOD/LOQ for the dataset outcome.",Accepted,Accepted,2026-09-13
R0272-U01,R0272,10.1016/j.envpol.2025.126096,influent,secondary effluent,activated sludge; tertiary UV treatment,O_000483,class 1 integrons,D4,Low concern,Some concerns,Disagreement — source-linked adjudication required,Some concerns,PDF p.2; PDF p.4; PDF pp.1-15,"PDF p.4 identifies B-WWTP secondary plus UV treatment, but no HRT/SRT or UV dose/contact time is reported for the comparison.",Accepted,Accepted,2026-09-13
R0272-U01,R0272,10.1016/j.envpol.2025.126096,influent,secondary effluent,activated sludge; tertiary UV treatment,O_000483,class 1 integrons,D5,Low concern,Some concerns,Disagreement — source-linked adjudication required,Some concerns,PDF p.3; PDF p.11,PDF p.3 documents a January B-WWTP effluent exclusion for poor quality. The accessible reporting does not isolate a complete outcome-specific class-1-integron result for the unit; Low concern is not supportable.,Accepted,Accepted,2026-09-13
R0280-U01,R0280,10.1061/JHTRBP.HZENG-1601,influent,final effluent,modified SBR,O_000493; O_000494; O_000496; O_000499,intI1; qnrS; sul1; tetA,D1,Some concerns,Some concerns,Exact agreement,Some concerns,PDF p.2; PDF p.4; PDF p.7,Exact agreement between X.C.N. and T.U.; jointly accepted.,Accepted,Accepted,2026-09-13
R0280-U01,R0280,10.1061/JHTRBP.HZENG-1601,influent,final effluent,modified SBR,O_000493; O_000494; O_000496; O_000499,intI1; qnrS; sul1; tetA,D2,Low concern,Low concern,Exact agreement,Low concern,PDF p.1; PDF p.4,Exact agreement between X.C.N. and T.U.; jointly accepted.,Accepted,Accepted,2026-09-13
R0280-U01,R0280,10.1061/JHTRBP.HZENG-1601,influent,final effluent,modified SBR,O_000493; O_000494; O_000496; O_000499,intI1; qnrS; sul1; tetA,D3,Some concerns,Some concerns,Exact agreement,Some concerns,PDF p.3; PDF p.6-7; PDF pp.1-27,Exact agreement between X.C.N. and T.U.; jointly accepted.,Accepted,Accepted,2026-09-13
R0280-U01,R0280,10.1061/JHTRBP.HZENG-1601,influent,final effluent,modified SBR,O_000493; O_000494; O_000496; O_000499,intI1; qnrS; sul1; tetA,D4,Low concern,Low concern,Exact agreement,Low concern,PDF p.2; PDF p.4,Exact agreement between X.C.N. and T.U.; jointly accepted.,Accepted,Accepted,2026-09-13
R0280-U01,R0280,10.1061/JHTRBP.HZENG-1601,influent,final effluent,modified SBR,O_000493; O_000494; O_000496; O_000499,intI1; qnrS; sul1; tetA,D5,Some concerns,Low concern,Disagreement — source-linked adjudication required,Some concerns,PDF p.6; PDF p.2; PDF p.13-14,"PDF pp.13-14 reports all dataset-gene reductions but no explicit non-detect, zero or exclusion handling.",Accepted,Accepted,2026-09-13
R0293-U01,R0293,10.1007/s10661-025-14745-5,influent,secondary effluent,secondary biological treatment,O_000518; O_000522,sul1; tetM,D1,Some concerns,Some concerns,Exact agreement,Some concerns,PDF p.1; PDF p.3,Exact agreement between X.C.N. and T.U.; jointly accepted.,Accepted,Accepted,2026-09-13
R0293-U01,R0293,10.1007/s10661-025-14745-5,influent,secondary effluent,secondary biological treatment,O_000518; O_000522,sul1; tetM,D2,Low concern,Low concern,Exact agreement,Low concern,PDF p.3,Exact agreement between X.C.N. and T.U.; jointly accepted.,Accepted,Accepted,2026-09-13
R0293-U01,R0293,10.1007/s10661-025-14745-5,influent,secondary effluent,secondary biological treatment,O_000518; O_000522,sul1; tetM,D3,Low concern,Some concerns,Disagreement — source-linked adjudication required,Some concerns,PDF p.1; PDF p.6; PDF pp.1-27,"PDF p.6 reports specificity, efficiency and LOQ validation, but no negative/no-template control; this is one material QC gap.",Accepted,Accepted,2026-09-13
R0293-U01,R0293,10.1007/s10661-025-14745-5,influent,secondary effluent,secondary biological treatment,O_000518; O_000522,sul1; tetM,D4,Low concern,Low concern,Exact agreement,Low concern,PDF p.3,Exact agreement between X.C.N. and T.U.; jointly accepted.,Accepted,Accepted,2026-09-13
R0293-U01,R0293,10.1007/s10661-025-14745-5,influent,secondary effluent,secondary biological treatment,O_000518; O_000522,sul1; tetM,D5,Low concern,Low concern,Exact agreement,Low concern,PDF p.6; PDF p.15-16,Exact agreement between X.C.N. and T.U.; jointly accepted.,Accepted,Accepted,2026-09-13
R0307-U01,R0307,10.3389/fmicb.2017.01282,influent,secondary effluent,mechanical separation; activated sludge; sedimentation,O_000540,mcr-1,D1,Low concern,Low concern,Exact agreement,Low concern,PDF p.2; PDF p.4; PDF p.14,Exact agreement between X.C.N. and T.U.; jointly accepted.,Accepted,Accepted,2026-09-13
R0307-U01,R0307,10.3389/fmicb.2017.01282,influent,secondary effluent,mechanical separation; activated sludge; sedimentation,O_000540,mcr-1,D2,Some concerns,Some concerns,Exact agreement,Some concerns,PDF p.2; PDF p.4; PDF pp.1-19,Exact agreement between X.C.N. and T.U.; jointly accepted.,Accepted,Accepted,2026-09-13
R0307-U01,R0307,10.3389/fmicb.2017.01282,influent,secondary effluent,mechanical separation; activated sludge; sedimentation,O_000540,mcr-1,D3,Low concern,Some concerns,Disagreement — source-linked adjudication required,Some concerns,PDF p.1; PDF p.10; PDF pp.1-19,"PDF p.10 reports gene-specific R2 and efficiency, but no explicit LOD/LOQ or negative/no-template control.",Accepted,Accepted,2026-09-13
R0307-U01,R0307,10.3389/fmicb.2017.01282,influent,secondary effluent,mechanical separation; activated sludge; sedimentation,O_000540,mcr-1,D4,Some concerns,Some concerns,Exact agreement,Some concerns,PDF p.2; PDF p.4; PDF pp.1-19,Exact agreement between X.C.N. and T.U.; jointly accepted.,Accepted,Accepted,2026-09-13
R0307-U01,R0307,10.3389/fmicb.2017.01282,influent,secondary effluent,mechanical separation; activated sludge; sedimentation,O_000540,mcr-1,D5,Some concerns,Low concern,Disagreement — source-linked adjudication required,Low concern,PDF p.1; PDF p.20,PDF p.20 reports per-WWTP quantitative and detected/non-detected mcr-1 results. The outcome denominator and null findings are transparent.,Accepted,Accepted,2026-09-13
R0328-U01,R0328,10.1016/j.jenvman.2018.10.073,raw sewage,secondary sedimentation pool effluent,secondary sedimentation,O_000602; O_000603; O_000604; O_000605; O_000606; O_000607,intI1; sul1; sul2; tetA; tetM; tetW,D1,Low concern,Some concerns,Disagreement — source-linked adjudication required,Some concerns,PDF p.2; PDF p.3-4; PDF p.4,"PDF pp.3-4/Fig. 2 describes a single winter campaign with samples at sequential stages. Stages are clear and triplicate measures are shown, but no repeated campaign or defensible temporal replication is reported.",Accepted,Accepted,2026-09-13
R0328-U01,R0328,10.1016/j.jenvman.2018.10.073,raw sewage,secondary sedimentation pool effluent,secondary sedimentation,O_000602; O_000603; O_000604; O_000605; O_000606; O_000607,intI1; sul1; sul2; tetA; tetM; tetW,D2,No information,Some concerns,Disagreement — source-linked adjudication required,Some concerns,PDF p.3-4; PDF pp.1-9,"PDF p.3 Fig. 2 identifies the winter campaign date (14 Dec 2017) for all sequential stages. No HRT/lag is stated, but a credible same-event comparison is documented; No information is therefore inapplicable.",Accepted,Accepted,2026-09-13
R0328-U01,R0328,10.1016/j.jenvman.2018.10.073,raw sewage,secondary sedimentation pool effluent,secondary sedimentation,O_000602; O_000603; O_000604; O_000605; O_000606; O_000607,intI1; sul1; sul2; tetA; tetM; tetW,D3,Some concerns,Some concerns,Exact agreement,Some concerns,PDF p.2; PDF p.5; PDF pp.1-9,Exact agreement between X.C.N. and T.U.; jointly accepted.,Accepted,Accepted,2026-09-13
R0328-U01,R0328,10.1016/j.jenvman.2018.10.073,raw sewage,secondary sedimentation pool effluent,secondary sedimentation,O_000602; O_000603; O_000604; O_000605; O_000606; O_000607,intI1; sul1; sul2; tetA; tetM; tetW,D4,Some concerns,Some concerns,Exact agreement,Some concerns,PDF p.1; PDF p.3-4; PDF pp.1-9,Exact agreement between X.C.N. and T.U.; jointly accepted.,Accepted,Accepted,2026-09-13
R0328-U01,R0328,10.1016/j.jenvman.2018.10.073,raw sewage,secondary sedimentation pool effluent,secondary sedimentation,O_000602; O_000603; O_000604; O_000605; O_000606; O_000607,intI1; sul1; sul2; tetA; tetM; tetW,D5,Some concerns,Low concern,Disagreement — source-linked adjudication required,Some concerns,PDF p.4; PDF p.6,"PDF p.4 confirms all selected ARGs were analysed and reports winter results, but does not document non-detect/zero/exclusion handling for the unit's full sequence of reported stage comparisons.",Accepted,Accepted,2026-09-13
R0328-U02,R0328,10.1016/j.jenvman.2018.10.073,raw wastewater,secondary sedimentation pool effluent,secondary sedimentation,O_000608; O_000609; O_000610; O_000611; O_000612; O_000613,intI1; sul1; sul2; tetA; tetM; tetW,D1,Low concern,Some concerns,Disagreement — source-linked adjudication required,Some concerns,PDF p.2; PDF p.7,PDF p.4/Fig. 3 describes the analogous single summer campaign. Sampling is interpretable but lacks repeated campaign/temporal replication.,Accepted,Accepted,2026-09-13
R0328-U02,R0328,10.1016/j.jenvman.2018.10.073,raw wastewater,secondary sedimentation pool effluent,secondary sedimentation,O_000608; O_000609; O_000610; O_000611; O_000612; O_000613,intI1; sul1; sul2; tetA; tetM; tetW,D2,No information,Some concerns,Disagreement — source-linked adjudication required,Some concerns,PDF p.7,"PDF p.4 identifies the summer campaign (18 Apr 2018) for sequential-stage results; no HRT/lag is reported, but same-event context is established.",Accepted,Accepted,2026-09-13
R0328-U02,R0328,10.1016/j.jenvman.2018.10.073,raw wastewater,secondary sedimentation pool effluent,secondary sedimentation,O_000608; O_000609; O_000610; O_000611; O_000612; O_000613,intI1; sul1; sul2; tetA; tetM; tetW,D3,Some concerns,Some concerns,Exact agreement,Some concerns,PDF p.2; PDF p.5,Exact agreement between X.C.N. and T.U.; jointly accepted.,Accepted,Accepted,2026-09-13
R0328-U02,R0328,10.1016/j.jenvman.2018.10.073,raw wastewater,secondary sedimentation pool effluent,secondary sedimentation,O_000608; O_000609; O_000610; O_000611; O_000612; O_000613,intI1; sul1; sul2; tetA; tetM; tetW,D4,Some concerns,Some concerns,Exact agreement,Some concerns,PDF p.1; PDF p.3-4,Exact agreement between X.C.N. and T.U.; jointly accepted.,Accepted,Accepted,2026-09-13
R0328-U02,R0328,10.1016/j.jenvman.2018.10.073,raw wastewater,secondary sedimentation pool effluent,secondary sedimentation,O_000608; O_000609; O_000610; O_000611; O_000612; O_000613,intI1; sul1; sul2; tetA; tetM; tetW,D5,Some concerns,Low concern,Disagreement — source-linked adjudication required,Some concerns,PDF p.4; PDF p.7,"PDF p.4 reports selected-target summer removals but does not explicitly handle non-detects, zeros or exclusions across the stage sequence.",Accepted,Accepted,2026-09-13
R0505-U01,R0505,10.1016/j.envint.2013.01.019,influent,effluent,municipal wastewater treatment systems,O_000941,intI1,D1,Low concern,Some concerns,Disagreement — source-linked adjudication required,Some concerns,PDF p.1; PDF p.4,"PDF p.2 reports 24-h composite influent/effluent samples from municipal sites I-L, but field collection over March-May 2012 is not repeated sampling at a defined plant.",Accepted,Accepted,2026-09-13
R0505-U01,R0505,10.1016/j.envint.2013.01.019,influent,effluent,municipal wastewater treatment systems,O_000941,intI1,D2,Some concerns,Some concerns,Exact agreement,Some concerns,PDF p.2; PDF p.4; PDF pp.1-9,Exact agreement between X.C.N. and T.U.; jointly accepted.,Accepted,Accepted,2026-09-13
R0505-U01,R0505,10.1016/j.envint.2013.01.019,influent,effluent,municipal wastewater treatment systems,O_000941,intI1,D3,Some concerns,Critical concern / insufficient reporting,Disagreement — source-linked adjudication required,Critical concern / insufficient reporting,PDF p.1; PDF p.6; PDF pp.1-9,"PDF p.3 reports a melt curve, 5/6-point standards and R2>0.990, but no efficiency, negative/no-template control or LOD/LOQ. Several essential qPCR-validation components are absent.",Accepted,Accepted,2026-09-13
R0505-U01,R0505,10.1016/j.envint.2013.01.019,influent,effluent,municipal wastewater treatment systems,O_000941,intI1,D4,Some concerns,No information,Disagreement — source-linked adjudication required,Some concerns,PDF p.2; PDF p.4; PDF pp.1-9,"Original PDF p.2 Table 1 identifies municipal technologies (I/J oxidation ditch; K anaerobic-oxic; L anaerobic-anoxic-oxic). The process is therefore identifiable, but operating conditions are not reported; No information and Low concern are both inappropriate.",Accepted,Accepted,2026-09-13
R0505-U01,R0505,10.1016/j.envint.2013.01.019,influent,effluent,municipal wastewater treatment systems,O_000941,intI1,D5,Some concerns,Low concern,Disagreement — source-linked adjudication required,Some concerns,PDF p.2; PDF p.8,"PDF pp.3-5 reports selected target results and significant municipal reductions, but no explicit non-detect/zero/exclusion handling for the dataset outcome is located.",Accepted,Accepted,2026-09-13
R0524-U01,R0524,10.1016/j.envpol.2025.126179,raw sewage,treated effluent,Enviroseptic WWTP,O_000998; O_000999; O_001000,blaTEM; sul1; tetW,D1,Some concerns,Low concern,Disagreement — source-linked adjudication required,Low concern,PDF p.1; PDF p.4,PDF p.4 reports 21 campaigns across Nov 2019-Sep 2021 and repeated raw/treated wastewater sampling.,Accepted,Accepted,2026-09-13
R0524-U01,R0524,10.1016/j.envpol.2025.126179,raw sewage,treated effluent,Enviroseptic WWTP,O_000998; O_000999; O_001000,blaTEM; sul1; tetW,D2,Some concerns,Some concerns,Exact agreement,Some concerns,PDF p.4; PDF p.11,Exact agreement between X.C.N. and T.U.; jointly accepted.,Accepted,Accepted,2026-09-13
R0524-U01,R0524,10.1016/j.envpol.2025.126179,raw sewage,treated effluent,Enviroseptic WWTP,O_000998; O_000999; O_001000,blaTEM; sul1; tetW,D3,Some concerns,Some concerns,Exact agreement,Some concerns,PDF p.2; PDF p.5-6; PDF pp.1-15,Exact agreement between X.C.N. and T.U.; jointly accepted.,Accepted,Accepted,2026-09-13
R0524-U01,R0524,10.1016/j.envpol.2025.126179,raw sewage,treated effluent,Enviroseptic WWTP,O_000998; O_000999; O_001000,blaTEM; sul1; tetW,D4,Some concerns,Some concerns,Exact agreement,Some concerns,PDF p.1; PDF p.4,Exact agreement between X.C.N. and T.U.; jointly accepted.,Accepted,Accepted,2026-09-13
R0524-U01,R0524,10.1016/j.envpol.2025.126179,raw sewage,treated effluent,Enviroseptic WWTP,O_000998; O_000999; O_001000,blaTEM; sul1; tetW,D5,Low concern,Low concern,Exact agreement,Low concern,PDF p.3; PDF p.7; PDF p.5,Exact agreement between X.C.N. and T.U.; jointly accepted.,Accepted,Accepted,2026-09-13
R0524-U02,R0524,10.1016/j.envpol.2025.126179,raw sewage,treated effluent,conventional WWTP,O_000995; O_000996; O_000997,blaTEM; sul1; tetW,D1,Some concerns,Low concern,Disagreement — source-linked adjudication required,Low concern,PDF p.1; PDF p.4,"Same 21-campaign, two-year repeated sampling design (PDF p.4).",Accepted,Accepted,2026-09-13
R0524-U02,R0524,10.1016/j.envpol.2025.126179,raw sewage,treated effluent,conventional WWTP,O_000995; O_000996; O_000997,blaTEM; sul1; tetW,D2,Some concerns,Some concerns,Exact agreement,Some concerns,PDF p.4,Exact agreement between X.C.N. and T.U.; jointly accepted.,Accepted,Accepted,2026-09-13
R0524-U02,R0524,10.1016/j.envpol.2025.126179,raw sewage,treated effluent,conventional WWTP,O_000995; O_000996; O_000997,blaTEM; sul1; tetW,D3,Some concerns,Some concerns,Exact agreement,Some concerns,PDF p.2; PDF p.5-6,Exact agreement between X.C.N. and T.U.; jointly accepted.,Accepted,Accepted,2026-09-13
R0524-U02,R0524,10.1016/j.envpol.2025.126179,raw sewage,treated effluent,conventional WWTP,O_000995; O_000996; O_000997,blaTEM; sul1; tetW,D4,Some concerns,Some concerns,Exact agreement,Some concerns,PDF p.1; PDF p.4,Exact agreement between X.C.N. and T.U.; jointly accepted.,Accepted,Accepted,2026-09-13
R0524-U02,R0524,10.1016/j.envpol.2025.126179,raw sewage,treated effluent,conventional WWTP,O_000995; O_000996; O_000997,blaTEM; sul1; tetW,D5,Low concern,Low concern,Exact agreement,Low concern,PDF p.3; PDF p.2-6,Exact agreement between X.C.N. and T.U.; jointly accepted.,Accepted,Accepted,2026-09-13
R0591-U01,R0591,10.1007/s11356-022-24545-w,influent,final effluent,MWWTP,O_001118; O_001119; O_001120; O_001121; O_001122,aadA; blaCTX-M; ermB; sul1; tetA,D1,Low concern,Low concern,Exact agreement,Low concern,PDF p.3; PDF p.2-3,Exact agreement between X.C.N. and T.U.; jointly accepted.,Accepted,Accepted,2026-09-13
R0591-U01,R0591,10.1007/s11356-022-24545-w,influent,final effluent,MWWTP,O_001118; O_001119; O_001120; O_001121; O_001122,aadA; blaCTX-M; ermB; sul1; tetA,D2,Low concern,Low concern,Exact agreement,Low concern,PDF p.3,Exact agreement between X.C.N. and T.U.; jointly accepted.,Accepted,Accepted,2026-09-13
R0591-U01,R0591,10.1007/s11356-022-24545-w,influent,final effluent,MWWTP,O_001118; O_001119; O_001120; O_001121; O_001122,aadA; blaCTX-M; ermB; sul1; tetA,D3,Some concerns,Some concerns,Exact agreement,Some concerns,PDF p.3; PDF p.4; PDF pp.1-15,Exact agreement between X.C.N. and T.U.; jointly accepted.,Accepted,Accepted,2026-09-13
R0591-U01,R0591,10.1007/s11356-022-24545-w,influent,final effluent,MWWTP,O_001118; O_001119; O_001120; O_001121; O_001122,aadA; blaCTX-M; ermB; sul1; tetA,D4,Low concern,Low concern,Exact agreement,Low concern,PDF p.2,Exact agreement between X.C.N. and T.U.; jointly accepted.,Accepted,Accepted,2026-09-13
R0591-U01,R0591,10.1007/s11356-022-24545-w,influent,final effluent,MWWTP,O_001118; O_001119; O_001120; O_001121; O_001122,aadA; blaCTX-M; ermB; sul1; tetA,D5,Some concerns,Low concern,Disagreement — source-linked adjudication required,Low concern,PDF p.7,PDF p.7 reports all five appraised genes and explicitly notes effluent absence for blaCTX-M; null findings are not suppressed.,Accepted,Accepted,2026-09-13
R0612-U01,R0612,10.1021/acsestwater.5c00883,primary influent,final effluent,activated sludge,O_001155; O_001156; O_001157; O_001158; O_001159; O_001160; O_001161; O_001162; O_001163,ampC; blaOXA; blaTEM; ermB; mefA; sul1; tetQ; tetW; vanA,D1,Low concern,Low concern,Exact agreement,Low concern,PDF p.2; PDF p.3,Exact agreement between X.C.N. and T.U.; jointly accepted.,Accepted,Accepted,2026-09-13
R0612-U01,R0612,10.1021/acsestwater.5c00883,primary influent,final effluent,activated sludge,O_001155; O_001156; O_001157; O_001158; O_001159; O_001160; O_001161; O_001162; O_001163,ampC; blaOXA; blaTEM; ermB; mefA; sul1; tetQ; tetW; vanA,D2,Some concerns,Some concerns,Exact agreement,Some concerns,PDF p.3; PDF pp.1-16,Exact agreement between X.C.N. and T.U.; jointly accepted.,Accepted,Accepted,2026-09-13
R0612-U01,R0612,10.1021/acsestwater.5c00883,primary influent,final effluent,activated sludge,O_001155; O_001156; O_001157; O_001158; O_001159; O_001160; O_001161; O_001162; O_001163,ampC; blaOXA; blaTEM; ermB; mefA; sul1; tetQ; tetW; vanA,D3,Some concerns,Low concern,Disagreement — source-linked adjudication required,Low concern,PDF p.2; PDF p.3; PDF p.9,PDF p.3 reports absolute digital-PCR workflow with no-template and negative-extraction controls all negative; assay references/conditions are specified and LOD is applied.,Accepted,Accepted,2026-09-13
R0612-U01,R0612,10.1021/acsestwater.5c00883,primary influent,final effluent,activated sludge,O_001155; O_001156; O_001157; O_001158; O_001159; O_001160; O_001161; O_001162; O_001163,ampC; blaOXA; blaTEM; ermB; mefA; sul1; tetQ; tetW; vanA,D4,Low concern,Some concerns,Disagreement — source-linked adjudication required,Some concerns,PDF p.1; PDF p.3; PDF pp.1-16,"PDF p.3 identifies conventional activated sludge, flow and disinfection, but gives no HRT/SRT or relevant operating contact conditions.",Accepted,Accepted,2026-09-13
R0612-U01,R0612,10.1021/acsestwater.5c00883,primary influent,final effluent,activated sludge,O_001155; O_001156; O_001157; O_001158; O_001159; O_001160; O_001161; O_001162; O_001163,ampC; blaOXA; blaTEM; ermB; mefA; sul1; tetQ; tetW; vanA,D5,Some concerns,Low concern,Disagreement — source-linked adjudication required,Low concern,PDF p.2; PDF p.6,"PDF p.6 reports full-train quantitative reductions for all nine appraised genes, including both highest and lowest values, with defined treatment stages.",Accepted,Accepted,2026-09-13
R0743-U01,R0743,10.1016/j.biortech.2025.132047,influent,secondary effluent,membrane bioreactor,O_001390,tetQ,D1,Low concern,Low concern,Exact agreement,Low concern,PDF p.2; PDF p.12,Exact agreement between X.C.N. and T.U.; jointly accepted.,Accepted,Accepted,2026-09-13
R0743-U01,R0743,10.1016/j.biortech.2025.132047,influent,secondary effluent,membrane bioreactor,O_001390,tetQ,D2,Some concerns,Low concern,Disagreement — source-linked adjudication required,Some concerns,PDF p.6; PDF p.9,"PDF p.9 reports that HRT/SRT were measured and associated with removal, but does not explicitly establish matched influent-effluent timing/lag for each comparison. HRT reporting alone does not satisfy Low concern.",Accepted,Accepted,2026-09-13
R0743-U01,R0743,10.1016/j.biortech.2025.132047,influent,secondary effluent,membrane bioreactor,O_001390,tetQ,D3,Some concerns,Critical concern / insufficient reporting,Disagreement — source-linked adjudication required,Critical concern / insufficient reporting,PDF p.2; PDF p.4; PDF pp.1-19,"PDF p.4 Sec 2.3 identifies qPCR targets but does not report calibration/efficiency, controls, replication or LOD/LOQ in the accessible article.",Accepted,Accepted,2026-09-13
R0743-U01,R0743,10.1016/j.biortech.2025.132047,influent,secondary effluent,membrane bioreactor,O_001390,tetQ,D4,Low concern,Low concern,Exact agreement,Low concern,PDF p.1; PDF p.9,Exact agreement between X.C.N. and T.U.; jointly accepted.,Accepted,Accepted,2026-09-13
R0743-U01,R0743,10.1016/j.biortech.2025.132047,influent,secondary effluent,membrane bioreactor,O_001390,tetQ,D5,Some concerns,Some concerns,Exact agreement,Some concerns,PDF p.4; PDF p.8,Exact agreement between X.C.N. and T.U.; jointly accepted.,Accepted,Accepted,2026-09-13
R0782-U01,R0782,10.1016/j.jgar.2025.09.002,influent,final effluent,waste stabilisation pond,O_001457; O_001458,blaCMY-2; blaTEM,D1,Low concern,Low concern,Exact agreement,Low concern,PDF p.2; PDF p.3,Exact agreement between X.C.N. and T.U.; jointly accepted.,Accepted,Accepted,2026-09-13
R0782-U01,R0782,10.1016/j.jgar.2025.09.002,influent,final effluent,waste stabilisation pond,O_001457; O_001458,blaCMY-2; blaTEM,D2,No information,Some concerns,Disagreement — source-linked adjudication required,Some concerns,PDF p.2; PDF p.3; PDF pp.1-15,PDF p.2 describes ten sampling campaigns; the inflow/outflow comparison is campaign-based but no pond HRT or explicit flow-parcel linkage is reported.,Accepted,Accepted,2026-09-13
R0782-U01,R0782,10.1016/j.jgar.2025.09.002,influent,final effluent,waste stabilisation pond,O_001457; O_001458,blaCMY-2; blaTEM,D3,Some concerns,Low concern,Disagreement — source-linked adjudication required,Low concern,PDF p.1; PDF p.5,"PDF p.3 reports target-specific plasmid standards, positive/negative controls, technical duplicates, R2>0.990, 90-105% efficiency, amplicon confirmation and LOQ of 10 copies/uL.",Accepted,Accepted,2026-09-13
R0782-U01,R0782,10.1016/j.jgar.2025.09.002,influent,final effluent,waste stabilisation pond,O_001457; O_001458,blaCMY-2; blaTEM,D4,Some concerns,Some concerns,Exact agreement,Some concerns,PDF p.2; PDF pp.1-15,Exact agreement between X.C.N. and T.U.; jointly accepted.,Accepted,Accepted,2026-09-13
R0782-U01,R0782,10.1016/j.jgar.2025.09.002,influent,final effluent,waste stabilisation pond,O_001457; O_001458,blaCMY-2; blaTEM,D5,Some concerns,Low concern,Disagreement — source-linked adjudication required,Some concerns,PDF p.4; PDF p.9,"PDF p.4-5 reports all dataset-gene log reductions, including poor/negative reduction, but does not specify non-detect/zero/exclusion handling for individual ARG outcomes.",Accepted,Accepted,2026-09-13
R0792-U01,R0792,10.1016/j.scitotenv.2025.179241,influent,final effluent,activated sludge,O_001480,blaKPC,D1,Low concern,Low concern,Exact agreement,Low concern,PDF p.1; PDF p.4,Exact agreement between X.C.N. and T.U.; jointly accepted.,Accepted,Accepted,2026-09-13
R0792-U01,R0792,10.1016/j.scitotenv.2025.179241,influent,final effluent,activated sludge,O_001480,blaKPC,D2,Some concerns,Some concerns,Exact agreement,Some concerns,PDF p.2; PDF p.4; PDF pp.1-20,Exact agreement between X.C.N. and T.U.; jointly accepted.,Accepted,Accepted,2026-09-13
R0792-U01,R0792,10.1016/j.scitotenv.2025.179241,influent,final effluent,activated sludge,O_001480,blaKPC,D3,Some concerns,Some concerns,Exact agreement,Some concerns,PDF p.3; PDF p.4; PDF pp.1-20,Exact agreement between X.C.N. and T.U.; jointly accepted.,Accepted,Accepted,2026-09-13
R0792-U01,R0792,10.1016/j.scitotenv.2025.179241,influent,final effluent,activated sludge,O_001480,blaKPC,D4,Some concerns,Some concerns,Exact agreement,Some concerns,PDF p.2; PDF p.4; PDF pp.1-20,Exact agreement between X.C.N. and T.U.; jointly accepted.,Accepted,Accepted,2026-09-13
R0792-U01,R0792,10.1016/j.scitotenv.2025.179241,influent,final effluent,activated sludge,O_001480,blaKPC,D5,Some concerns,Low concern,Disagreement — source-linked adjudication required,Low concern,PDF p.3; PDF p.2,PDF p.2 and Results provide the single dataset blaKPC outcome quantitatively with statistical testing; no outcome is omitted.,Accepted,Accepted,2026-09-13
R0804-U01,R0804,10.2166/wrd.2022.018,influent,effluent,AnMBR,O_001507,blaTEM,D1,Some concerns,Some concerns,Exact agreement,Some concerns,PDF p.4,Exact agreement between X.C.N. and T.U.; jointly accepted.,Accepted,Accepted,2026-09-13
R0804-U01,R0804,10.2166/wrd.2022.018,influent,effluent,AnMBR,O_001507,blaTEM,D2,Low concern,Low concern,Exact agreement,Low concern,PDF p.3,Exact agreement between X.C.N. and T.U.; jointly accepted.,Accepted,Accepted,2026-09-13
R0804-U01,R0804,10.2166/wrd.2022.018,influent,effluent,AnMBR,O_001507,blaTEM,D3,Some concerns,Critical concern / insufficient reporting,Disagreement — source-linked adjudication required,Critical concern / insufficient reporting,PDF p.5; PDF pp.1-15,"PDF p.5 reports melt-curve specificity only; no efficiency/R2, controls, replication or LOD/LOQ is reported.",Accepted,Accepted,2026-09-13
R0804-U01,R0804,10.2166/wrd.2022.018,influent,effluent,AnMBR,O_001507,blaTEM,D4,Low concern,Low concern,Exact agreement,Low concern,PDF p.1; PDF p.5,Exact agreement between X.C.N. and T.U.; jointly accepted.,Accepted,Accepted,2026-09-13
R0804-U01,R0804,10.2166/wrd.2022.018,influent,effluent,AnMBR,O_001507,blaTEM,D5,Some concerns,Low concern,Disagreement — source-linked adjudication required,Some concerns,PDF p.3; PDF p.11,PDF p.11 reports a blaTEM reduction but does not establish outcome denominator or non-detect/zero/exclusion handling across the dataset comparison.,Accepted,Accepted,2026-09-13
R0849-U01,R0849,10.1089/ees.2020.0189,secondary effluent,treated effluent,electrocoagulation,O_001618; O_001619; O_001620; O_001621; O_001622; O_001623; O_001624,sul1; sul2; tetO; tetX,D1,Some concerns,Some concerns,Exact agreement,Some concerns,PDF p.2; PDF p.4; PDF pp.1-7,Exact agreement between X.C.N. and T.U.; jointly accepted.,Accepted,Accepted,2026-09-13
R0849-U01,R0849,10.1089/ees.2020.0189,secondary effluent,treated effluent,electrocoagulation,O_001618; O_001619; O_001620; O_001621; O_001622; O_001623; O_001624,sul1; sul2; tetO; tetX,D2,Low concern,Low concern,Exact agreement,Low concern,PDF p.2; PDF p.4,Exact agreement between X.C.N. and T.U.; jointly accepted.,Accepted,Accepted,2026-09-13
R0849-U01,R0849,10.1089/ees.2020.0189,secondary effluent,treated effluent,electrocoagulation,O_001618; O_001619; O_001620; O_001621; O_001622; O_001623; O_001624,sul1; sul2; tetO; tetX,D3,Some concerns,Some concerns,Exact agreement,Some concerns,PDF p.3; PDF p.4; PDF pp.1-7,Exact agreement between X.C.N. and T.U.; jointly accepted.,Accepted,Accepted,2026-09-13
R0849-U01,R0849,10.1089/ees.2020.0189,secondary effluent,treated effluent,electrocoagulation,O_001618; O_001619; O_001620; O_001621; O_001622; O_001623; O_001624,sul1; sul2; tetO; tetX,D4,Low concern,Low concern,Exact agreement,Low concern,PDF p.1; PDF p.4,Exact agreement between X.C.N. and T.U.; jointly accepted.,Accepted,Accepted,2026-09-13
R0849-U01,R0849,10.1089/ees.2020.0189,secondary effluent,treated effluent,electrocoagulation,O_001618; O_001619; O_001620; O_001621; O_001622; O_001623; O_001624,sul1; sul2; tetO; tetX,D5,Some concerns,Low concern,Disagreement — source-linked adjudication required,Low concern,PDF p.2; PDF p.4,PDF p.4 provides each of the four dataset-gene reductions at the defined EC condition.,Accepted,Accepted,2026-09-13
R0849-U02,R0849,10.1089/ees.2020.0189,secondary effluent,treated effluent,sequential UV/EC,O_001625; O_001626,sul1; tetX,D1,Some concerns,Some concerns,Exact agreement,Some concerns,PDF p.2; PDF p.5; PDF pp.1-7,Exact agreement between X.C.N. and T.U.; jointly accepted.,Accepted,Accepted,2026-09-13
R0849-U02,R0849,10.1089/ees.2020.0189,secondary effluent,treated effluent,sequential UV/EC,O_001625; O_001626,sul1; tetX,D2,Low concern,Low concern,Exact agreement,Low concern,PDF p.1-2; PDF p.5,Exact agreement between X.C.N. and T.U.; jointly accepted.,Accepted,Accepted,2026-09-13
R0849-U02,R0849,10.1089/ees.2020.0189,secondary effluent,treated effluent,sequential UV/EC,O_001625; O_001626,sul1; tetX,D3,Some concerns,Some concerns,Exact agreement,Some concerns,PDF p.3; PDF p.4; PDF pp.1-7,Exact agreement between X.C.N. and T.U.; jointly accepted.,Accepted,Accepted,2026-09-13
R0849-U02,R0849,10.1089/ees.2020.0189,secondary effluent,treated effluent,sequential UV/EC,O_001625; O_001626,sul1; tetX,D4,Low concern,Low concern,Exact agreement,Low concern,PDF p.1; PDF p.5,Exact agreement between X.C.N. and T.U.; jointly accepted.,Accepted,Accepted,2026-09-13
R0849-U02,R0849,10.1089/ees.2020.0189,secondary effluent,treated effluent,sequential UV/EC,O_001625; O_001626,sul1; tetX,D5,Some concerns,Some concerns,Exact agreement,Some concerns,PDF p.2; PDF p.5; PDF pp.1-7,Exact agreement between X.C.N. and T.U.; jointly accepted.,Accepted,Accepted,2026-09-13
R0853-U01,R0853,10.1016/j.scitotenv.2016.01.078,secondary effluent,treated effluent,Fenton oxidation,O_001629; O_001630; O_001631; O_001632; O_001633; O_001634; O_001635; O_001636; O_001637; O_001638,intI1; sul1; tetG; tetX,D1,Low concern,Some concerns,Disagreement — source-linked adjudication required,Some concerns,PDF p.2; PDF pp.1-8,PDF p.2 uses a single composite secondary-effluent batch for controlled Fenton experiments; the source batch is time-integrated but independent field/batch replication is not described.,Accepted,Accepted,2026-09-13
R0853-U01,R0853,10.1016/j.scitotenv.2016.01.078,secondary effluent,treated effluent,Fenton oxidation,O_001629; O_001630; O_001631; O_001632; O_001633; O_001634; O_001635; O_001636; O_001637; O_001638,intI1; sul1; tetG; tetX,D2,Low concern,Low concern,Exact agreement,Low concern,PDF p.2,Exact agreement between X.C.N. and T.U.; jointly accepted.,Accepted,Accepted,2026-09-13
R0853-U01,R0853,10.1016/j.scitotenv.2016.01.078,secondary effluent,treated effluent,Fenton oxidation,O_001629; O_001630; O_001631; O_001632; O_001633; O_001634; O_001635; O_001636; O_001637; O_001638,intI1; sul1; tetG; tetX,D3,Some concerns,Some concerns,Exact agreement,Some concerns,PDF p.3; PDF pp.1-8,Exact agreement between X.C.N. and T.U.; jointly accepted.,Accepted,Accepted,2026-09-13
R0853-U01,R0853,10.1016/j.scitotenv.2016.01.078,secondary effluent,treated effluent,Fenton oxidation,O_001629; O_001630; O_001631; O_001632; O_001633; O_001634; O_001635; O_001636; O_001637; O_001638,intI1; sul1; tetG; tetX,D4,Low concern,Low concern,Exact agreement,Low concern,PDF p.1; PDF p.2; PDF p.4,Exact agreement between X.C.N. and T.U.; jointly accepted.,Accepted,Accepted,2026-09-13
R0853-U01,R0853,10.1016/j.scitotenv.2016.01.078,secondary effluent,treated effluent,Fenton oxidation,O_001629; O_001630; O_001631; O_001632; O_001633; O_001634; O_001635; O_001636; O_001637; O_001638,intI1; sul1; tetG; tetX,D5,Some concerns,Low concern,Disagreement — source-linked adjudication required,Low concern,PDF p.3; PDF p.7; PDF p.4,"PDF pp.4 and 7 reports all appraised targets over defined experimental conditions, including lower-performing targets.",Accepted,Accepted,2026-09-13
R0853-U02,R0853,10.1016/j.scitotenv.2016.01.078,secondary effluent,treated effluent,UV/H2O2 process,O_001639; O_001640; O_001641; O_001642,intI1; sul1; tetG; tetX,D1,Low concern,Some concerns,Disagreement — source-linked adjudication required,Some concerns,PDF p.2; PDF p.2-3,Same single composite-batch source for the controlled UV/H2O2 experiment (PDF pp.2-3).,Accepted,Accepted,2026-09-13
R0853-U02,R0853,10.1016/j.scitotenv.2016.01.078,secondary effluent,treated effluent,UV/H2O2 process,O_001639; O_001640; O_001641; O_001642,intI1; sul1; tetG; tetX,D2,Low concern,Low concern,Exact agreement,Low concern,PDF p.2; PDF p.2-3,Exact agreement between X.C.N. and T.U.; jointly accepted.,Accepted,Accepted,2026-09-13
R0853-U02,R0853,10.1016/j.scitotenv.2016.01.078,secondary effluent,treated effluent,UV/H2O2 process,O_001639; O_001640; O_001641; O_001642,intI1; sul1; tetG; tetX,D3,Some concerns,Some concerns,Exact agreement,Some concerns,PDF p.3; PDF pp.1-8,Exact agreement between X.C.N. and T.U.; jointly accepted.,Accepted,Accepted,2026-09-13
R0853-U02,R0853,10.1016/j.scitotenv.2016.01.078,secondary effluent,treated effluent,UV/H2O2 process,O_001639; O_001640; O_001641; O_001642,intI1; sul1; tetG; tetX,D4,Low concern,Low concern,Exact agreement,Low concern,PDF p.1; PDF p.5,Exact agreement between X.C.N. and T.U.; jointly accepted.,Accepted,Accepted,2026-09-13
R0853-U02,R0853,10.1016/j.scitotenv.2016.01.078,secondary effluent,treated effluent,UV/H2O2 process,O_001639; O_001640; O_001641; O_001642,intI1; sul1; tetG; tetX,D5,Some concerns,Low concern,Disagreement — source-linked adjudication required,Low concern,PDF p.3; PDF p.5,PDF p.5 reports all dataset-target reductions at the real-wastewater pH condition.,Accepted,Accepted,2026-09-13
R0867-U01,R0867,10.1016/j.jenvman.2018.09.043,influent,effluent,two stage tandem biological oxidation process,O_001661,blaTEM-2,D1,Low concern,Low concern,Exact agreement,Low concern,PDF p.2; PDF p.3,Exact agreement between X.C.N. and T.U.; jointly accepted.,Accepted,Accepted,2026-09-13
R0867-U01,R0867,10.1016/j.jenvman.2018.09.043,influent,effluent,two stage tandem biological oxidation process,O_001661,blaTEM-2,D2,Some concerns,Some concerns,Exact agreement,Some concerns,PDF p.2; PDF p.3; PDF pp.1-8,Exact agreement between X.C.N. and T.U.; jointly accepted.,Accepted,Accepted,2026-09-13
R0867-U01,R0867,10.1016/j.jenvman.2018.09.043,influent,effluent,two stage tandem biological oxidation process,O_001661,blaTEM-2,D3,Low concern,Some concerns,Disagreement — source-linked adjudication required,Some concerns,PDF p.1; PDF p.5; PDF pp.1-8,"PDF p.5 reports R2 and efficiency but lacks replicate count, LOD/LOQ and negative/no-template control.",Accepted,Accepted,2026-09-13
R0867-U01,R0867,10.1016/j.jenvman.2018.09.043,influent,effluent,two stage tandem biological oxidation process,O_001661,blaTEM-2,D4,Some concerns,Some concerns,Exact agreement,Some concerns,PDF p.1; PDF p.3; PDF pp.1-8,Exact agreement between X.C.N. and T.U.; jointly accepted.,Accepted,Accepted,2026-09-13
R0867-U01,R0867,10.1016/j.jenvman.2018.09.043,influent,effluent,two stage tandem biological oxidation process,O_001661,blaTEM-2,D5,Some concerns,Low concern,Disagreement — source-linked adjudication required,Low concern,PDF p.2; PDF p.9,"PDF p.9 reports the single dataset blaTEM-2 outcome quantitatively, including its comparatively low removal.",Accepted,Accepted,2026-09-13
R0872-U01,R0872,10.1016/j.envpol.2021.118512,influent,secondary effluent,municipal wastewater treatment,O_001681; O_001682; O_001683; O_001684; O_001685,aac(6')-Ib; aadA; mphB; sul1; tetA,D1,Some concerns,Some concerns,Exact agreement,Some concerns,PDF p.2; PDF p.3; PDF pp.1-13,Exact agreement between X.C.N. and T.U.; jointly accepted.,Accepted,Accepted,2026-09-13
R0872-U01,R0872,10.1016/j.envpol.2021.118512,influent,secondary effluent,municipal wastewater treatment,O_001681; O_001682; O_001683; O_001684; O_001685,aac(6')-Ib; aadA; mphB; sul1; tetA,D2,No information,Some concerns,Disagreement — source-linked adjudication required,Some concerns,PDF p.3; PDF pp.1-13,PDF p.3 describes common March-June 2018 sampling activity; no HRT/lag is reported but the same-campaign context is known.,Accepted,Accepted,2026-09-13
R0872-U01,R0872,10.1016/j.envpol.2021.118512,influent,secondary effluent,municipal wastewater treatment,O_001681; O_001682; O_001683; O_001684; O_001685,aac(6')-Ib; aadA; mphB; sul1; tetA,D3,Some concerns,Critical concern / insufficient reporting,Disagreement — source-linked adjudication required,Critical concern / insufficient reporting,PDF p.3; PDF pp.1-13,"PDF p.3 defers amplification efficiencies and standard curves to earlier studies and contains no controls, replication or LOD/LOQ evidence for this report.",Accepted,Accepted,2026-09-13
R0872-U01,R0872,10.1016/j.envpol.2021.118512,influent,secondary effluent,municipal wastewater treatment,O_001681; O_001682; O_001683; O_001684; O_001685,aac(6')-Ib; aadA; mphB; sul1; tetA,D4,Some concerns,Some concerns,Exact agreement,Some concerns,PDF p.8; PDF p.3; PDF pp.1-13,Exact agreement between X.C.N. and T.U.; jointly accepted.,Accepted,Accepted,2026-09-13
R0872-U01,R0872,10.1016/j.envpol.2021.118512,influent,secondary effluent,municipal wastewater treatment,O_001681; O_001682; O_001683; O_001684; O_001685,aac(6')-Ib; aadA; mphB; sul1; tetA,D5,Low concern,Low concern,Exact agreement,Low concern,PDF p.4; PDF p.9,Exact agreement between X.C.N. and T.U.; jointly accepted.,Accepted,Accepted,2026-09-13
R0885-U01,R0885,10.1007/s11783-019-1116-5,influent,secondary effluent,biological treatment (CASS),O_001712; O_001713; O_001714; O_001715; O_001716; O_001717,blaCTX-M; sulI; sulII; tetA; tetO; tetW,D1,Low concern,Low concern,Exact agreement,Low concern,PDF p.1; PDF p.2-3; PDF p.4-5,Exact agreement between X.C.N. and T.U.; jointly accepted.,Accepted,Accepted,2026-09-13
R0885-U01,R0885,10.1007/s11783-019-1116-5,influent,secondary effluent,biological treatment (CASS),O_001712; O_001713; O_001714; O_001715; O_001716; O_001717,blaCTX-M; sulI; sulII; tetA; tetO; tetW,D2,Low concern,Some concerns,Disagreement — source-linked adjudication required,Some concerns,PDF p.1; PDF p.2-3; PDF pp.1-14,PDF pp.2-3 reports monthly 24-h campaigns but no CASS HRT/SRT or explicit hydraulic matching.,Accepted,Accepted,2026-09-13
R0885-U01,R0885,10.1007/s11783-019-1116-5,influent,secondary effluent,biological treatment (CASS),O_001712; O_001713; O_001714; O_001715; O_001716; O_001717,blaCTX-M; sulI; sulII; tetA; tetO; tetW,D3,Low concern,Low concern,Exact agreement,Low concern,PDF p.4,Exact agreement between X.C.N. and T.U.; jointly accepted.,Accepted,Accepted,2026-09-13
R0885-U01,R0885,10.1007/s11783-019-1116-5,influent,secondary effluent,biological treatment (CASS),O_001712; O_001713; O_001714; O_001715; O_001716; O_001717,blaCTX-M; sulI; sulII; tetA; tetO; tetW,D4,Low concern,Some concerns,Disagreement — source-linked adjudication required,Some concerns,PDF p.1; PDF p.2; PDF pp.1-14,"PDF p.2 identifies CASS and plant flow, but no process-specific operating parameters.",Accepted,Accepted,2026-09-13
R0885-U01,R0885,10.1007/s11783-019-1116-5,influent,secondary effluent,biological treatment (CASS),O_001712; O_001713; O_001714; O_001715; O_001716; O_001717,blaCTX-M; sulI; sulII; tetA; tetO; tetW,D5,Some concerns,Low concern,Disagreement — source-linked adjudication required,Low concern,PDF p.3; PDF p.6,"PDF p.6 reports reductions for all six appraised genes, including the full value ranges.",Accepted,Accepted,2026-09-13
R0885-U02,R0885,10.1007/s11783-019-1116-5,secondary effluent,final effluent,UV disinfection,O_001718; O_001719; O_001720; O_001721; O_001722; O_001723; O_001724,blaCTX-M; intI1; sulI; sulII; tetA; tetO; tetW,D1,Low concern,Low concern,Exact agreement,Low concern,PDF p.1; PDF p.2-3,Exact agreement between X.C.N. and T.U.; jointly accepted.,Accepted,Accepted,2026-09-13
R0885-U02,R0885,10.1007/s11783-019-1116-5,secondary effluent,final effluent,UV disinfection,O_001718; O_001719; O_001720; O_001721; O_001722; O_001723; O_001724,blaCTX-M; intI1; sulI; sulII; tetA; tetO; tetW,D2,Low concern,Low concern,Exact agreement,Low concern,PDF p.1; PDF p.2-3; PDF p.2,Exact agreement between X.C.N. and T.U.; jointly accepted.,Accepted,Accepted,2026-09-13
R0885-U02,R0885,10.1007/s11783-019-1116-5,secondary effluent,final effluent,UV disinfection,O_001718; O_001719; O_001720; O_001721; O_001722; O_001723; O_001724,blaCTX-M; intI1; sulI; sulII; tetA; tetO; tetW,D3,Low concern,Low concern,Exact agreement,Low concern,PDF p.4,Exact agreement between X.C.N. and T.U.; jointly accepted.,Accepted,Accepted,2026-09-13
R0885-U02,R0885,10.1007/s11783-019-1116-5,secondary effluent,final effluent,UV disinfection,O_001718; O_001719; O_001720; O_001721; O_001722; O_001723; O_001724,blaCTX-M; intI1; sulI; sulII; tetA; tetO; tetW,D4,Low concern,Low concern,Exact agreement,Low concern,PDF p.1; PDF p.2,Exact agreement between X.C.N. and T.U.; jointly accepted.,Accepted,Accepted,2026-09-13
R0885-U02,R0885,10.1007/s11783-019-1116-5,secondary effluent,final effluent,UV disinfection,O_001718; O_001719; O_001720; O_001721; O_001722; O_001723; O_001724,blaCTX-M; intI1; sulI; sulII; tetA; tetO; tetW,D5,Some concerns,Low concern,Disagreement — source-linked adjudication required,Low concern,PDF p.3; PDF p.6,PDF p.6 reports mean +/- SD reductions for all seven targeted genes and explicitly reports absence of significant reduction rather than suppressing null findings. No eligible target outcome is omitted.,Accepted,Accepted,2026-09-13
R0885-U03,R0885,10.1007/s11783-019-1116-5,secondary effluent,treated effluent,activated carbon adsorption,O_001727; O_001728; O_001729; O_001731,blaCTX-M; intI1; tetO; tetW,D1,Low concern,Some concerns,Disagreement — source-linked adjudication required,Some concerns,PDF p.1; PDF p.2-3; PDF pp.1-14,"PDF pp.2-3 states the bench GAC experiment used one April CASS-effluent batch, without independent batch replication.",Accepted,Accepted,2026-09-13
R0885-U03,R0885,10.1007/s11783-019-1116-5,secondary effluent,treated effluent,activated carbon adsorption,O_001727; O_001728; O_001729; O_001731,blaCTX-M; intI1; tetO; tetW,D2,Low concern,Low concern,Exact agreement,Low concern,PDF p.1; PDF p.3,Exact agreement between X.C.N. and T.U.; jointly accepted.,Accepted,Accepted,2026-09-13
R0885-U03,R0885,10.1007/s11783-019-1116-5,secondary effluent,treated effluent,activated carbon adsorption,O_001727; O_001728; O_001729; O_001731,blaCTX-M; intI1; tetO; tetW,D3,Low concern,Low concern,Exact agreement,Low concern,PDF p.4,Exact agreement between X.C.N. and T.U.; jointly accepted.,Accepted,Accepted,2026-09-13
R0885-U03,R0885,10.1007/s11783-019-1116-5,secondary effluent,treated effluent,activated carbon adsorption,O_001727; O_001728; O_001729; O_001731,blaCTX-M; intI1; tetO; tetW,D4,Low concern,Low concern,Exact agreement,Low concern,PDF p.1; PDF p.3,Exact agreement between X.C.N. and T.U.; jointly accepted.,Accepted,Accepted,2026-09-13
R0885-U03,R0885,10.1007/s11783-019-1116-5,secondary effluent,treated effluent,activated carbon adsorption,O_001727; O_001728; O_001729; O_001731,blaCTX-M; intI1; tetO; tetW,D5,Some concerns,Low concern,Disagreement — source-linked adjudication required,Low concern,PDF p.3; PDF p.7,"PDF p.7 reports all four dataset outcomes quantitatively, including no-obvious-difference findings.",Accepted,Accepted,2026-09-13
R0885-U04,R0885,10.1007/s11783-019-1116-5,secondary effluent,treated effluent,ozonation + AGAC,O_001734; O_001735; O_001736,intI1; sulI; sulII,D1,Low concern,Some concerns,Disagreement — source-linked adjudication required,Some concerns,PDF p.1; PDF p.2-3,PDF pp.2-3 states the combined experiment used the same single April source batch.,Accepted,Accepted,2026-09-13
R0885-U04,R0885,10.1007/s11783-019-1116-5,secondary effluent,treated effluent,ozonation + AGAC,O_001734; O_001735; O_001736,intI1; sulI; sulII,D2,Low concern,Low concern,Exact agreement,Low concern,PDF p.1; PDF p.9; PDF p.3,Exact agreement between X.C.N. and T.U.; jointly accepted.,Accepted,Accepted,2026-09-13
R0885-U04,R0885,10.1007/s11783-019-1116-5,secondary effluent,treated effluent,ozonation + AGAC,O_001734; O_001735; O_001736,intI1; sulI; sulII,D3,Low concern,Low concern,Exact agreement,Low concern,PDF p.4,Exact agreement between X.C.N. and T.U.; jointly accepted.,Accepted,Accepted,2026-09-13
R0885-U04,R0885,10.1007/s11783-019-1116-5,secondary effluent,treated effluent,ozonation + AGAC,O_001734; O_001735; O_001736,intI1; sulI; sulII,D4,Low concern,Low concern,Exact agreement,Low concern,PDF p.1; PDF p.7-9,Exact agreement between X.C.N. and T.U.; jointly accepted.,Accepted,Accepted,2026-09-13
R0885-U04,R0885,10.1007/s11783-019-1116-5,secondary effluent,treated effluent,ozonation + AGAC,O_001734; O_001735; O_001736,intI1; sulI; sulII,D5,Some concerns,Low concern,Disagreement — source-linked adjudication required,Low concern,PDF p.3; PDF p.9,PDF p.9 explicitly reports below-detection outcomes and reduction values for remaining appraised genes.,Accepted,Accepted,2026-09-13
R0909-U01,R0909,10.1016/j.watres.2017.01.010,secondary effluent,treated effluent after coagulation,coagulation with FeCl3,O_001791; O_001792; O_001793; O_001794; O_001795; O_001796; O_001797,intI1; sulI; sulII; tetO; tetQ; tetW,D1,Some concerns,Some concerns,Exact agreement,Some concerns,PDF p.2; PDF p.1-2; PDF pp.1-9,Exact agreement between X.C.N. and T.U.; jointly accepted.,Accepted,Accepted,2026-09-13
R0909-U01,R0909,10.1016/j.watres.2017.01.010,secondary effluent,treated effluent after coagulation,coagulation with FeCl3,O_001791; O_001792; O_001793; O_001794; O_001795; O_001796; O_001797,intI1; sulI; sulII; tetO; tetQ; tetW,D2,Low concern,Low concern,Exact agreement,Low concern,PDF p.2; PDF p.3,Exact agreement between X.C.N. and T.U.; jointly accepted.,Accepted,Accepted,2026-09-13
R0909-U01,R0909,10.1016/j.watres.2017.01.010,secondary effluent,treated effluent after coagulation,coagulation with FeCl3,O_001791; O_001792; O_001793; O_001794; O_001795; O_001796; O_001797,intI1; sulI; sulII; tetO; tetQ; tetW,D3,Some concerns,Some concerns,Exact agreement,Some concerns,PDF p.2; PDF pp.1-9,Exact agreement between X.C.N. and T.U.; jointly accepted.,Accepted,Accepted,2026-09-13
R0909-U01,R0909,10.1016/j.watres.2017.01.010,secondary effluent,treated effluent after coagulation,coagulation with FeCl3,O_001791; O_001792; O_001793; O_001794; O_001795; O_001796; O_001797,intI1; sulI; sulII; tetO; tetQ; tetW,D4,Low concern,Low concern,Exact agreement,Low concern,PDF p.1; PDF p.4,Exact agreement between X.C.N. and T.U.; jointly accepted.,Accepted,Accepted,2026-09-13
R0909-U01,R0909,10.1016/j.watres.2017.01.010,secondary effluent,treated effluent after coagulation,coagulation with FeCl3,O_001791; O_001792; O_001793; O_001794; O_001795; O_001796; O_001797,intI1; sulI; sulII; tetO; tetQ; tetW,D5,Some concerns,Low concern,Disagreement — source-linked adjudication required,Low concern,PDF p.2; PDF p.4,PDF p.4 quantifies all six appraised targets for FeCl3 coagulation.,Accepted,Accepted,2026-09-13
R0909-U02,R0909,10.1016/j.watres.2017.01.010,secondary effluent,treated effluent after coagulation,coagulation with PFC,O_001798,sulI,D1,Some concerns,Some concerns,Exact agreement,Some concerns,PDF p.2; PDF p.1-3,Exact agreement between X.C.N. and T.U.; jointly accepted.,Accepted,Accepted,2026-09-13
R0909-U02,R0909,10.1016/j.watres.2017.01.010,secondary effluent,treated effluent after coagulation,coagulation with PFC,O_001798,sulI,D2,Low concern,Low concern,Exact agreement,Low concern,PDF p.2; PDF p.3,Exact agreement between X.C.N. and T.U.; jointly accepted.,Accepted,Accepted,2026-09-13
R0909-U02,R0909,10.1016/j.watres.2017.01.010,secondary effluent,treated effluent after coagulation,coagulation with PFC,O_001798,sulI,D3,Some concerns,Some concerns,Exact agreement,Some concerns,PDF p.2; PDF pp.1-9,Exact agreement between X.C.N. and T.U.; jointly accepted.,Accepted,Accepted,2026-09-13
R0909-U02,R0909,10.1016/j.watres.2017.01.010,secondary effluent,treated effluent after coagulation,coagulation with PFC,O_001798,sulI,D4,Low concern,Low concern,Exact agreement,Low concern,PDF p.1; PDF p.4-5,Exact agreement between X.C.N. and T.U.; jointly accepted.,Accepted,Accepted,2026-09-13
R0909-U02,R0909,10.1016/j.watres.2017.01.010,secondary effluent,treated effluent after coagulation,coagulation with PFC,O_001798,sulI,D5,Some concerns,Low concern,Disagreement — source-linked adjudication required,Low concern,PDF p.2; PDF p.5,PDF p.5 quantifies the single dataset sulI/PFC outcome.,Accepted,Accepted,2026-09-13
R0917-U01,R0917,10.1016/j.watres.2020.116273,secondary effluent,Fe(VI)-treated wastewater,Ferrate (Fe(VI)) treatment,O_001814,ermB,D1,Some concerns,Some concerns,Exact agreement,Some concerns,PDF p.2; PDF pp.1-11,Exact agreement between X.C.N. and T.U.; jointly accepted.,Accepted,Accepted,2026-09-13
R0917-U01,R0917,10.1016/j.watres.2020.116273,secondary effluent,Fe(VI)-treated wastewater,Ferrate (Fe(VI)) treatment,O_001814,ermB,D2,Some concerns,Low concern,Disagreement — source-linked adjudication required,Low concern,PDF p.11; PDF p.2,PDF p.2 describes a defined controlled batch Fe(VI) dosing and reaction design linking untreated and treated samples.,Accepted,Accepted,2026-09-13
R0917-U01,R0917,10.1016/j.watres.2020.116273,secondary effluent,Fe(VI)-treated wastewater,Ferrate (Fe(VI)) treatment,O_001814,ermB,D3,Some concerns,Some concerns,Exact agreement,Some concerns,PDF p.3; PDF p.4; PDF pp.1-11,Exact agreement between X.C.N. and T.U.; jointly accepted.,Accepted,Accepted,2026-09-13
R0917-U01,R0917,10.1016/j.watres.2020.116273,secondary effluent,Fe(VI)-treated wastewater,Ferrate (Fe(VI)) treatment,O_001814,ermB,D4,Some concerns,Low concern,Disagreement — source-linked adjudication required,Low concern,PDF p.1; PDF p.2,PDF p.2 provides systematic Fe(VI) dose conditions for the treatment comparison.,Accepted,Accepted,2026-09-13
R0917-U01,R0917,10.1016/j.watres.2020.116273,secondary effluent,Fe(VI)-treated wastewater,Ferrate (Fe(VI)) treatment,O_001814,ermB,D5,Some concerns,Low concern,Disagreement — source-linked adjudication required,Low concern,PDF p.8; PDF p.6,PDF p.6 reports the single ermB outcome quantitatively at the defined condition.,Accepted,Accepted,2026-09-13
R0926-U01,R0926,10.1038/s41598-021-96169-y,influent,secondary effluent,activated sludge,O_001832; O_001833; O_001834; O_001835,blaTEM; ermB; sul1; tetM,D1,Low concern,Low concern,Exact agreement,Low concern,PDF p.5; PDF p.8,Exact agreement between X.C.N. and T.U.; jointly accepted.,Accepted,Accepted,2026-09-13
R0926-U01,R0926,10.1038/s41598-021-96169-y,influent,secondary effluent,activated sludge,O_001832; O_001833; O_001834; O_001835,blaTEM; ermB; sul1; tetM,D2,No information,Some concerns,Disagreement — source-linked adjudication required,Some concerns,PDF p.8; PDF pp.1-16,"PDF p.7 reports six campaigns with qualified samples collected at influent and post-biological-treatment stages, but no HRT/lag matching for the activated-sludge comparison.",Accepted,Accepted,2026-09-13
R0926-U01,R0926,10.1038/s41598-021-96169-y,influent,secondary effluent,activated sludge,O_001832; O_001833; O_001834; O_001835,blaTEM; ermB; sul1; tetM,D3,Some concerns,Some concerns,Exact agreement,Some concerns,PDF p.4; PDF p.9; PDF pp.1-16,Exact agreement between X.C.N. and T.U.; jointly accepted.,Accepted,Accepted,2026-09-13
R0926-U01,R0926,10.1038/s41598-021-96169-y,influent,secondary effluent,activated sludge,O_001832; O_001833; O_001834; O_001835,blaTEM; ermB; sul1; tetM,D4,Low concern,Some concerns,Disagreement — source-linked adjudication required,Some concerns,PDF p.1; PDF p.8; PDF pp.1-16,"PDF p.7 identifies dissolved-air flotation followed by activated sludge and reports ozone dose/contact time, but not operating parameters for the biological stage represented by the unit.",Accepted,Accepted,2026-09-13
R0926-U01,R0926,10.1038/s41598-021-96169-y,influent,secondary effluent,activated sludge,O_001832; O_001833; O_001834; O_001835,blaTEM; ermB; sul1; tetM,D5,Low concern,Low concern,Exact agreement,Low concern,PDF p.1; PDF p.4,Exact agreement between X.C.N. and T.U.; jointly accepted.,Accepted,Accepted,2026-09-13
R0944-U01,R0944,10.3390/w10010037,activated sludge,secondary effluent,secondary clarification,O_001889,sul1,D1,Low concern,Low concern,Exact agreement,Low concern,PDF p.3,Exact agreement between X.C.N. and T.U.; jointly accepted.,Accepted,Accepted,2026-09-13
R0944-U01,R0944,10.3390/w10010037,activated sludge,secondary effluent,secondary clarification,O_001889,sul1,D2,Low concern,Some concerns,Disagreement — source-linked adjudication required,Some concerns,PDF p.4; PDF p.3; PDF pp.1-18,PDF p.3 documents same-occasion stages but no HRT/lag matching.,Accepted,Accepted,2026-09-13
R0944-U01,R0944,10.3390/w10010037,activated sludge,secondary effluent,secondary clarification,O_001889,sul1,D3,Some concerns,Low concern,Disagreement — source-linked adjudication required,Low concern,PDF p.1; PDF p.6; PDF p.4,"PDF pp.4 and 6 reports efficiency, LOD, triplicate extraction/analysis and an extraction/inhibition plasmid control.",Accepted,Accepted,2026-09-13
R0944-U01,R0944,10.3390/w10010037,activated sludge,secondary effluent,secondary clarification,O_001889,sul1,D4,Low concern,Some concerns,Disagreement — source-linked adjudication required,Some concerns,PDF p.1; PDF p.3; PDF pp.1-18,PDF p.3 identifies clarification but reports no detention time or operational parameters.,Accepted,Accepted,2026-09-13
R0944-U01,R0944,10.3390/w10010037,activated sludge,secondary effluent,secondary clarification,O_001889,sul1,D5,Low concern,Low concern,Exact agreement,Low concern,PDF p.4; PDF p.9,Exact agreement between X.C.N. and T.U.; jointly accepted.,Accepted,Accepted,2026-09-13
R0944-U02,R0944,10.3390/w10010037,raw sewage,activated sludge,activated sludge,O_001888,sul1,D1,Low concern,Low concern,Exact agreement,Low concern,PDF p.3,Exact agreement between X.C.N. and T.U.; jointly accepted.,Accepted,Accepted,2026-09-13
R0944-U02,R0944,10.3390/w10010037,raw sewage,activated sludge,activated sludge,O_001888,sul1,D2,Low concern,Some concerns,Disagreement — source-linked adjudication required,Some concerns,PDF p.4; PDF p.3; PDF pp.1-18,"Same-occasion sampling, but no activated-sludge HRT/SRT (PDF p.3).",Accepted,Accepted,2026-09-13
R0944-U02,R0944,10.3390/w10010037,raw sewage,activated sludge,activated sludge,O_001888,sul1,D3,Some concerns,Low concern,Disagreement — source-linked adjudication required,Low concern,PDF p.1; PDF p.6; PDF p.4,"Same qPCR QC bundle as U01 (PDF pp.4,6).",Accepted,Accepted,2026-09-13
R0944-U02,R0944,10.3390/w10010037,raw sewage,activated sludge,activated sludge,O_001888,sul1,D4,Low concern,Some concerns,Disagreement — source-linked adjudication required,Some concerns,PDF p.1; PDF p.3; PDF pp.1-18,NDN activated sludge is identified but no HRT/SRT/MLSS (PDF p.3).,Accepted,Accepted,2026-09-13
R0944-U02,R0944,10.3390/w10010037,raw sewage,activated sludge,activated sludge,O_001888,sul1,D5,Low concern,Low concern,Exact agreement,Low concern,PDF p.4; PDF p.7,Exact agreement between X.C.N. and T.U.; jointly accepted.,Accepted,Accepted,2026-09-13
R0944-U03,R0944,10.3390/w10010037,raw sewage,final effluent,complete WRP treatment,O_001894,sul1,D1,Low concern,Low concern,Exact agreement,Low concern,PDF p.3,Exact agreement between X.C.N. and T.U.; jointly accepted.,Accepted,Accepted,2026-09-13
R0944-U03,R0944,10.3390/w10010037,raw sewage,final effluent,complete WRP treatment,O_001894,sul1,D2,Low concern,Some concerns,Disagreement — source-linked adjudication required,Some concerns,PDF p.4; PDF p.3; PDF pp.1-18,"Same-occasion full-train sampling, but no overall HRT/lag (PDF p.3).",Accepted,Accepted,2026-09-13
R0944-U03,R0944,10.3390/w10010037,raw sewage,final effluent,complete WRP treatment,O_001894,sul1,D3,Some concerns,Low concern,Disagreement — source-linked adjudication required,Low concern,PDF p.1; PDF p.6; PDF p.4,"Same explicit efficiency, LOD, triplicate and inhibition-control evidence (PDF pp.4,6).",Accepted,Accepted,2026-09-13
R0944-U03,R0944,10.3390/w10010037,raw sewage,final effluent,complete WRP treatment,O_001894,sul1,D4,Low concern,Low concern,Exact agreement,Low concern,PDF p.1; PDF p.3,Exact agreement between X.C.N. and T.U.; jointly accepted.,Accepted,Accepted,2026-09-13
R0944-U03,R0944,10.3390/w10010037,raw sewage,final effluent,complete WRP treatment,O_001894,sul1,D5,Low concern,Low concern,Exact agreement,Low concern,PDF p.4; PDF p.7-8,Exact agreement between X.C.N. and T.U.; jointly accepted.,Accepted,Accepted,2026-09-13
R0944-U04,R0944,10.3390/w10010037,secondary effluent,final effluent,tertiary media filtration and disinfection,O_001890,sul1,D1,Low concern,Low concern,Exact agreement,Low concern,PDF p.3,Exact agreement between X.C.N. and T.U.; jointly accepted.,Accepted,Accepted,2026-09-13
R0944-U04,R0944,10.3390/w10010037,secondary effluent,final effluent,tertiary media filtration and disinfection,O_001890,sul1,D2,Low concern,Some concerns,Disagreement — source-linked adjudication required,Some concerns,PDF p.4; PDF p.3; PDF pp.1-18,"Same-occasion secondary/final sampling, but no filter/contact-time linkage (PDF p.3).",Accepted,Accepted,2026-09-13
R0944-U04,R0944,10.3390/w10010037,secondary effluent,final effluent,tertiary media filtration and disinfection,O_001890,sul1,D3,Some concerns,Low concern,Disagreement — source-linked adjudication required,Low concern,PDF p.1; PDF p.6; PDF p.4,"Same explicit qPCR QC evidence (PDF pp.4,6).",Accepted,Accepted,2026-09-13
R0944-U04,R0944,10.3390/w10010037,secondary effluent,final effluent,tertiary media filtration and disinfection,O_001890,sul1,D4,Low concern,Low concern,Exact agreement,Low concern,PDF p.1; PDF p.3,Exact agreement between X.C.N. and T.U.; jointly accepted.,Accepted,Accepted,2026-09-13
R0944-U04,R0944,10.3390/w10010037,secondary effluent,final effluent,tertiary media filtration and disinfection,O_001890,sul1,D5,Low concern,Low concern,Exact agreement,Low concern,PDF p.4; PDF p.7,Exact agreement between X.C.N. and T.U.; jointly accepted.,Accepted,Accepted,2026-09-13
R1017-U01,R1017,10.3390/W12061729,influent,final effluent,Plant A whole process,O_002098,tetA,D1,Low concern,Low concern,Exact agreement,Low concern,PDF p.2,Exact agreement between X.C.N. and T.U.; jointly accepted.,Accepted,Accepted,2026-09-13
R1017-U01,R1017,10.3390/W12061729,influent,final effluent,Plant A whole process,O_002098,tetA,D2,Some concerns,Some concerns,Exact agreement,Some concerns,PDF p.3; PDF p.2; PDF pp.1-9,Exact agreement between X.C.N. and T.U.; jointly accepted.,Accepted,Accepted,2026-09-13
R1017-U01,R1017,10.3390/W12061729,influent,final effluent,Plant A whole process,O_002098,tetA,D3,Low concern,Low concern,Exact agreement,Low concern,PDF p.1; PDF p.3,Exact agreement between X.C.N. and T.U.; jointly accepted.,Accepted,Accepted,2026-09-13
R1017-U01,R1017,10.3390/W12061729,influent,final effluent,Plant A whole process,O_002098,tetA,D4,Low concern,Some concerns,Disagreement — source-linked adjudication required,Some concerns,PDF p.3; PDF p.2; PDF pp.1-9,PDF p.2 identifies plant/disinfection but defers or omits HRT/SRT/chlorine-dose-contact information.,Accepted,Accepted,2026-09-13
R1017-U01,R1017,10.3390/W12061729,influent,final effluent,Plant A whole process,O_002098,tetA,D5,Low concern,Low concern,Exact agreement,Low concern,PDF p.2; PDF p.5; PDF p.3,Exact agreement between X.C.N. and T.U.; jointly accepted.,Accepted,Accepted,2026-09-13
R1017-U02,R1017,10.3390/W12061729,influent,final effluent,Plant B whole process,O_002099,intI1,D1,Low concern,Low concern,Exact agreement,Low concern,PDF p.2,Exact agreement between X.C.N. and T.U.; jointly accepted.,Accepted,Accepted,2026-09-13
R1017-U02,R1017,10.3390/W12061729,influent,final effluent,Plant B whole process,O_002099,intI1,D2,Some concerns,Some concerns,Exact agreement,Some concerns,PDF p.3; PDF p.2; PDF pp.1-9,Exact agreement between X.C.N. and T.U.; jointly accepted.,Accepted,Accepted,2026-09-13
R1017-U02,R1017,10.3390/W12061729,influent,final effluent,Plant B whole process,O_002099,intI1,D3,Low concern,Low concern,Exact agreement,Low concern,PDF p.1; PDF p.3,Exact agreement between X.C.N. and T.U.; jointly accepted.,Accepted,Accepted,2026-09-13
R1017-U02,R1017,10.3390/W12061729,influent,final effluent,Plant B whole process,O_002099,intI1,D4,Low concern,Some concerns,Disagreement — source-linked adjudication required,Some concerns,PDF p.3; PDF p.2; PDF pp.1-9,Same incomplete operating context for Plant B (PDF p.2).,Accepted,Accepted,2026-09-13
R1017-U02,R1017,10.3390/W12061729,influent,final effluent,Plant B whole process,O_002099,intI1,D5,Low concern,Low concern,Exact agreement,Low concern,PDF p.2; PDF p.5; PDF p.3,Exact agreement between X.C.N. and T.U.; jointly accepted.,Accepted,Accepted,2026-09-13
R1028-U01,R1028,10.1021/es303652q,secondary effluent / filtered wastewater effluent,UV-treated wastewater effluent,UV disinfection,O_002110; O_002111; O_002112; O_002113,ampC; mecA; tet(A); vanA,D1,Some concerns,Some concerns,Exact agreement,Some concerns,PDF p.3; PDF pp.1-8,Exact agreement between X.C.N. and T.U.; jointly accepted.,Accepted,Accepted,2026-09-13
R1028-U01,R1028,10.1021/es303652q,secondary effluent / filtered wastewater effluent,UV-treated wastewater effluent,UV disinfection,O_002110; O_002111; O_002112; O_002113,ampC; mecA; tet(A); vanA,D2,Low concern,Low concern,Exact agreement,Low concern,PDF p.3,Exact agreement between X.C.N. and T.U.; jointly accepted.,Accepted,Accepted,2026-09-13
R1028-U01,R1028,10.1021/es303652q,secondary effluent / filtered wastewater effluent,UV-treated wastewater effluent,UV disinfection,O_002110; O_002111; O_002112; O_002113,ampC; mecA; tet(A); vanA,D3,Low concern,Some concerns,Disagreement — source-linked adjudication required,Some concerns,PDF p.2; PDF p.6; PDF p.4,"PDF pp.4,6 reports efficiency, R2, LOQ, standards and triplicates but not an explicit negative/no-template control.",Accepted,Accepted,2026-09-13
R1028-U01,R1028,10.1021/es303652q,secondary effluent / filtered wastewater effluent,UV-treated wastewater effluent,UV disinfection,O_002110; O_002111; O_002112; O_002113,ampC; mecA; tet(A); vanA,D4,Low concern,Low concern,Exact agreement,Low concern,PDF p.1; PDF p.5-7; PDF p.3,Exact agreement between X.C.N. and T.U.; jointly accepted.,Accepted,Accepted,2026-09-13
R1028-U01,R1028,10.1021/es303652q,secondary effluent / filtered wastewater effluent,UV-treated wastewater effluent,UV disinfection,O_002110; O_002111; O_002112; O_002113,ampC; mecA; tet(A); vanA,D5,Some concerns,Some concerns,Exact agreement,Some concerns,PDF p.3; PDF p.1; PDF pp.1-8,Exact agreement between X.C.N. and T.U.; jointly accepted.,Accepted,Accepted,2026-09-13
R1061-U01,R1061,10.1016/j.scitotenv.2018.10.305,influent,secondary effluent,MBR,O_002230; O_002231,sul1; sul2,D1,Some concerns,Some concerns,Exact agreement,Some concerns,PDF p.2,Exact agreement between X.C.N. and T.U.; jointly accepted.,Accepted,Accepted,2026-09-13
R1061-U01,R1061,10.1016/j.scitotenv.2018.10.305,influent,secondary effluent,MBR,O_002230; O_002231,sul1; sul2,D2,Low concern,Low concern,Exact agreement,Low concern,PDF p.1; PDF p.3,Exact agreement between X.C.N. and T.U.; jointly accepted.,Accepted,Accepted,2026-09-13
R1061-U01,R1061,10.1016/j.scitotenv.2018.10.305,influent,secondary effluent,MBR,O_002230; O_002231,sul1; sul2,D3,Some concerns,Low concern,Disagreement — source-linked adjudication required,Some concerns,PDF p.3; PDF p.3-4,"PDF pp.3-4 reports positive/negative controls, triplicates and efficiency/R2 but no LOD/LOQ.",Accepted,Accepted,2026-09-13
R1061-U01,R1061,10.1016/j.scitotenv.2018.10.305,influent,secondary effluent,MBR,O_002230; O_002231,sul1; sul2,D4,Low concern,Low concern,Exact agreement,Low concern,PDF p.1; PDF p.2; PDF p.3,Exact agreement between X.C.N. and T.U.; jointly accepted.,Accepted,Accepted,2026-09-13
R1061-U01,R1061,10.1016/j.scitotenv.2018.10.305,influent,secondary effluent,MBR,O_002230; O_002231,sul1; sul2,D5,Some concerns,Low concern,Disagreement — source-linked adjudication required,Low concern,PDF p.2; PDF p.5,PDF p.5 reports both dataset-gene result ranges for all four plants.,Accepted,Accepted,2026-09-13
R1061-U02,R1061,10.1016/j.scitotenv.2018.10.305,influent,secondary effluent,OD or MSBR,O_002232,int1,D1,Some concerns,Some concerns,Exact agreement,Some concerns,PDF p.2,Exact agreement between X.C.N. and T.U.; jointly accepted.,Accepted,Accepted,2026-09-13
R1061-U02,R1061,10.1016/j.scitotenv.2018.10.305,influent,secondary effluent,OD or MSBR,O_002232,int1,D2,Low concern,Low concern,Exact agreement,Low concern,PDF p.1; PDF p.3,Exact agreement between X.C.N. and T.U.; jointly accepted.,Accepted,Accepted,2026-09-13
R1061-U02,R1061,10.1016/j.scitotenv.2018.10.305,influent,secondary effluent,OD or MSBR,O_002232,int1,D3,Some concerns,Low concern,Disagreement — source-linked adjudication required,Some concerns,PDF p.3; PDF p.3-4,Same qPCR evidence lacks LOD/LOQ (PDF pp.3-4).,Accepted,Accepted,2026-09-13
R1061-U02,R1061,10.1016/j.scitotenv.2018.10.305,influent,secondary effluent,OD or MSBR,O_002232,int1,D4,Low concern,Low concern,Exact agreement,Low concern,PDF p.1; PDF p.2; PDF p.3,Exact agreement between X.C.N. and T.U.; jointly accepted.,Accepted,Accepted,2026-09-13
R1061-U02,R1061,10.1016/j.scitotenv.2018.10.305,influent,secondary effluent,OD or MSBR,O_002232,int1,D5,Some concerns,Low concern,Disagreement — source-linked adjudication required,Low concern,PDF p.2; PDF p.5,PDF p.5 reports the single dataset intI1 outcome including poor removal.,Accepted,Accepted,2026-09-13
R1070-U01,R1070,10.2175/106143012X13373575831394,raw sludge,digested sludge,[not specified in dataset],O_004540; O_004547,intI1,D1,Some concerns,Some concerns,Exact agreement,Some concerns,PDF p.3,Exact agreement between X.C.N. and T.U.; jointly accepted.,Accepted,Accepted,2026-09-13
R1070-U01,R1070,10.2175/106143012X13373575831394,raw sludge,digested sludge,[not specified in dataset],O_004540; O_004547,intI1,D2,Low concern,Low concern,Exact agreement,Low concern,PDF p.3; PDF p.1,Exact agreement between X.C.N. and T.U.; jointly accepted.,Accepted,Accepted,2026-09-13
R1070-U01,R1070,10.2175/106143012X13373575831394,raw sludge,digested sludge,[not specified in dataset],O_004540; O_004547,intI1,D3,Some concerns,Some concerns,Exact agreement,Some concerns,PDF p.3; PDF p.5; PDF pp.1-12,Exact agreement between X.C.N. and T.U.; jointly accepted.,Accepted,Accepted,2026-09-13
R1070-U01,R1070,10.2175/106143012X13373575831394,raw sludge,digested sludge,[not specified in dataset],O_004540; O_004547,intI1,D4,Low concern,Critical concern / insufficient reporting,Disagreement — source-linked adjudication required,Critical concern / insufficient reporting,PDF p.1,PDF pp.3-4 describes multiple parallel thermophilic amended/control digesters and a mesophilic control with different temperature/SRT. The manifest unit has a blank process label and outcomes in the fixed dataset cannot be uniquely attributed to one comparison; attribution is untenable.,Accepted,Accepted,2026-09-13
R1070-U01,R1070,10.2175/106143012X13373575831394,raw sludge,digested sludge,[not specified in dataset],O_004540; O_004547,intI1,D5,Some concerns,Some concerns,Exact agreement,Some concerns,PDF p.4; PDF p.1,Exact agreement between X.C.N. and T.U.; jointly accepted.,Accepted,Accepted,2026-09-13
R1076-U01,R1076,10.2166/wh.2019.160,secondary effluent,treated effluent,BPAC-UF,O_002296; O_002297; O_002298; O_002299; O_002300,intI1; sulI; sulII; tetA; tetW,D1,Some concerns,Some concerns,Exact agreement,Some concerns,PDF p.2; PDF pp.1-14,Exact agreement between X.C.N. and T.U.; jointly accepted.,Accepted,Accepted,2026-09-13
R1076-U01,R1076,10.2166/wh.2019.160,secondary effluent,treated effluent,BPAC-UF,O_002296; O_002297; O_002298; O_002299; O_002300,intI1; sulI; sulII; tetA; tetW,D2,Low concern,Low concern,Exact agreement,Low concern,PDF p.2-3; PDF p.5-6,Exact agreement between X.C.N. and T.U.; jointly accepted.,Accepted,Accepted,2026-09-13
R1076-U01,R1076,10.2166/wh.2019.160,secondary effluent,treated effluent,BPAC-UF,O_002296; O_002297; O_002298; O_002299; O_002300,intI1; sulI; sulII; tetA; tetW,D3,Some concerns,Some concerns,Exact agreement,Some concerns,PDF p.3; PDF p.6; PDF pp.1-14,Exact agreement between X.C.N. and T.U.; jointly accepted.,Accepted,Accepted,2026-09-13
R1076-U01,R1076,10.2166/wh.2019.160,secondary effluent,treated effluent,BPAC-UF,O_002296; O_002297; O_002298; O_002299; O_002300,intI1; sulI; sulII; tetA; tetW,D4,Low concern,Low concern,Exact agreement,Low concern,PDF p.1; PDF p.5; PDF p.9,Exact agreement between X.C.N. and T.U.; jointly accepted.,Accepted,Accepted,2026-09-13
R1076-U01,R1076,10.2166/wh.2019.160,secondary effluent,treated effluent,BPAC-UF,O_002296; O_002297; O_002298; O_002299; O_002300,intI1; sulI; sulII; tetA; tetW,D5,Some concerns,Low concern,Disagreement — source-linked adjudication required,Low concern,PDF p.2; PDF p.9,PDF p.9 quantifies all five appraised targets at the defined BPAC-UF dose.,Accepted,Accepted,2026-09-13
R1076-U02,R1076,10.2166/wh.2019.160,secondary effluent,treated effluent,PAC-UF,O_002292; O_002293; O_002294; O_002295,sulI; sulII; tetA; tetW,D1,Some concerns,Some concerns,Exact agreement,Some concerns,PDF p.2; PDF pp.1-14,Exact agreement between X.C.N. and T.U.; jointly accepted.,Accepted,Accepted,2026-09-13
R1076-U02,R1076,10.2166/wh.2019.160,secondary effluent,treated effluent,PAC-UF,O_002292; O_002293; O_002294; O_002295,sulI; sulII; tetA; tetW,D2,Low concern,Low concern,Exact agreement,Low concern,PDF p.2-3; PDF p.5-6,Exact agreement between X.C.N. and T.U.; jointly accepted.,Accepted,Accepted,2026-09-13
R1076-U02,R1076,10.2166/wh.2019.160,secondary effluent,treated effluent,PAC-UF,O_002292; O_002293; O_002294; O_002295,sulI; sulII; tetA; tetW,D3,Some concerns,Some concerns,Exact agreement,Some concerns,PDF p.3; PDF p.6; PDF pp.1-14,Exact agreement between X.C.N. and T.U.; jointly accepted.,Accepted,Accepted,2026-09-13
R1076-U02,R1076,10.2166/wh.2019.160,secondary effluent,treated effluent,PAC-UF,O_002292; O_002293; O_002294; O_002295,sulI; sulII; tetA; tetW,D4,Low concern,Low concern,Exact agreement,Low concern,PDF p.1; PDF p.9; PDF p.5,Exact agreement between X.C.N. and T.U.; jointly accepted.,Accepted,Accepted,2026-09-13
R1076-U02,R1076,10.2166/wh.2019.160,secondary effluent,treated effluent,PAC-UF,O_002292; O_002293; O_002294; O_002295,sulI; sulII; tetA; tetW,D5,Some concerns,Low concern,Disagreement — source-linked adjudication required,Low concern,PDF p.2; PDF p.9,PDF p.9 quantifies all four appraised targets at the defined PAC dose.,Accepted,Accepted,2026-09-13
R1083-U01,R1083,10.1002/wer.1299,influent,final effluent,Bardenpho,O_002314; O_002315,erm(F); intI1,D1,Low concern,Low concern,Exact agreement,Low concern,PDF p.2,Exact agreement between X.C.N. and T.U.; jointly accepted.,Accepted,Accepted,2026-09-13
R1083-U01,R1083,10.1002/wer.1299,influent,final effluent,Bardenpho,O_002314; O_002315,erm(F); intI1,D2,Low concern,Low concern,Exact agreement,Low concern,PDF p.2; PDF p.3; PDF p.5,Exact agreement between X.C.N. and T.U.; jointly accepted.,Accepted,Accepted,2026-09-13
R1083-U01,R1083,10.1002/wer.1299,influent,final effluent,Bardenpho,O_002314; O_002315,erm(F); intI1,D3,Low concern,Some concerns,Disagreement — source-linked adjudication required,Some concerns,PDF p.3; PDF p.4; PDF pp.1-13,"PDF p.4 reports calibration, efficiency, NTCs, process controls and duplicate assays, but no LOD/LOQ is reported.",Accepted,Accepted,2026-09-13
R1083-U01,R1083,10.1002/wer.1299,influent,final effluent,Bardenpho,O_002314; O_002315,erm(F); intI1,D4,Low concern,Low concern,Exact agreement,Low concern,PDF p.2; PDF p.2-3,Exact agreement between X.C.N. and T.U.; jointly accepted.,Accepted,Accepted,2026-09-13
R1083-U01,R1083,10.1002/wer.1299,influent,final effluent,Bardenpho,O_002314; O_002315,erm(F); intI1,D5,Some concerns,Low concern,Disagreement — source-linked adjudication required,Low concern,PDF p.2; PDF p.6,PDF p.6 Table 3 reports both appraised genes for the full-train comparison at both facilities.,Accepted,Accepted,2026-09-13
R1083-U02,R1083,10.1002/wer.1299,primary effluent,secondary effluent,Bardenpho,O_002316; O_002317; O_002318; O_002319,erm(F); intI1,D1,Low concern,Low concern,Exact agreement,Low concern,PDF p.2,Exact agreement between X.C.N. and T.U.; jointly accepted.,Accepted,Accepted,2026-09-13
R1083-U02,R1083,10.1002/wer.1299,primary effluent,secondary effluent,Bardenpho,O_002316; O_002317; O_002318; O_002319,erm(F); intI1,D2,Low concern,Low concern,Exact agreement,Low concern,PDF p.2; PDF p.3; PDF p.5,Exact agreement between X.C.N. and T.U.; jointly accepted.,Accepted,Accepted,2026-09-13
R1083-U02,R1083,10.1002/wer.1299,primary effluent,secondary effluent,Bardenpho,O_002316; O_002317; O_002318; O_002319,erm(F); intI1,D3,Low concern,Some concerns,Disagreement — source-linked adjudication required,Some concerns,PDF p.3; PDF p.4; PDF pp.1-13,Same qPCR QC is reported but no LOD/LOQ (PDF p.4).,Accepted,Accepted,2026-09-13
R1083-U02,R1083,10.1002/wer.1299,primary effluent,secondary effluent,Bardenpho,O_002316; O_002317; O_002318; O_002319,erm(F); intI1,D4,Low concern,Low concern,Exact agreement,Low concern,PDF p.2; PDF p.2-3,Exact agreement between X.C.N. and T.U.; jointly accepted.,Accepted,Accepted,2026-09-13
R1083-U02,R1083,10.1002/wer.1299,primary effluent,secondary effluent,Bardenpho,O_002316; O_002317; O_002318; O_002319,erm(F); intI1,D5,Some concerns,Low concern,Disagreement — source-linked adjudication required,Low concern,PDF p.2; PDF p.6,PDF p.6 Table 3 reports both appraised genes for each Bardenpho comparison.,Accepted,Accepted,2026-09-13
R1085-U01,R1085,10.1016/j.jhazmat.2018.06.058,influent,effluent,activated sludge,O_002326; O_002327; O_002328; O_002329,blaKPC; blaNDM; blaOXA-48,D1,Low concern,Low concern,Exact agreement,Low concern,PDF p.2,Exact agreement between X.C.N. and T.U.; jointly accepted.,Accepted,Accepted,2026-09-13
R1085-U01,R1085,10.1016/j.jhazmat.2018.06.058,influent,effluent,activated sludge,O_002326; O_002327; O_002328; O_002329,blaKPC; blaNDM; blaOXA-48,D2,Some concerns,Some concerns,Exact agreement,Some concerns,PDF p.2; PDF pp.1-13,Exact agreement between X.C.N. and T.U.; jointly accepted.,Accepted,Accepted,2026-09-13
R1085-U01,R1085,10.1016/j.jhazmat.2018.06.058,influent,effluent,activated sludge,O_002326; O_002327; O_002328; O_002329,blaKPC; blaNDM; blaOXA-48,D3,Some concerns,Low concern,Disagreement — source-linked adjudication required,Low concern,PDF p.3; PDF p.4,"PDF p.3 reports standards, blank controls, triplicates, efficiency and analytical sensitivity for each assay.",Accepted,Accepted,2026-09-13
R1085-U01,R1085,10.1016/j.jhazmat.2018.06.058,influent,effluent,activated sludge,O_002326; O_002327; O_002328; O_002329,blaKPC; blaNDM; blaOXA-48,D4,Low concern,Some concerns,Disagreement — source-linked adjudication required,Some concerns,PDF p.2; PDF pp.1-13,PDF p.2 identifies primary settling/activated sludge but lacks HRT/SRT/MLSS.,Accepted,Accepted,2026-09-13
R1085-U01,R1085,10.1016/j.jhazmat.2018.06.058,influent,effluent,activated sludge,O_002326; O_002327; O_002328; O_002329,blaKPC; blaNDM; blaOXA-48,D5,Some concerns,Low concern,Disagreement — source-linked adjudication required,Low concern,PDF p.2; PDF p.6,PDF p.6 reports each of the three appraised genes across fractions and notes exceptions.,Accepted,Accepted,2026-09-13
R1122-U01,R1122,10.1021/acs.est.6b02640,secondary effluent,ozonated effluent,ozonation,O_002415,sul1,D1,Low concern,Some concerns,Disagreement — source-linked adjudication required,Some concerns,PDF p.2; PDF p.3,PDF p.3 reports three campaigns and 24-h integration but explicitly warns that 24-h samples were nonrepresentative for bacteria because of regrowth.,Accepted,Accepted,2026-09-13
R1122-U01,R1122,10.1021/acs.est.6b02640,secondary effluent,ozonated effluent,ozonation,O_002415,sul1,D2,Low concern,Low concern,Exact agreement,Low concern,PDF p.2; PDF p.3,Exact agreement between X.C.N. and T.U.; jointly accepted.,Accepted,Accepted,2026-09-13
R1122-U01,R1122,10.1021/acs.est.6b02640,secondary effluent,ozonated effluent,ozonation,O_002415,sul1,D3,Some concerns,Low concern,Disagreement — source-linked adjudication required,Low concern,PDF p.1; PDF p.4,"Main PDF p.4 plus authorized SI pp.S7-S8 and Table S1 p.S12 report sul1 standards, efficiency, blanks, replication, LOD and LOQ.",Accepted,Accepted,2026-09-13
R1122-U01,R1122,10.1021/acs.est.6b02640,secondary effluent,ozonated effluent,ozonation,O_002415,sul1,D4,Low concern,Low concern,Exact agreement,Low concern,PDF p.1; PDF p.3,Exact agreement between X.C.N. and T.U.; jointly accepted.,Accepted,Accepted,2026-09-13
R1122-U01,R1122,10.1021/acs.est.6b02640,secondary effluent,ozonated effluent,ozonation,O_002415,sul1,D5,Low concern,Some concerns,Disagreement — source-linked adjudication required,Some concerns,PDF p.2; PDF p.1; PDF pp.1-10,Main PDF presents the full-scale result principally as Figure 4C/qualitative text and does not transparently state outcome-specific non-detect/zero/exclusion handling for the dataset comparison.,Accepted,Accepted,2026-09-13
R1126-U01,R1126,10.1016/j.jhazmat.2022.128933,raw wastewater,final treated wastewater,overall treatment,O_002446; O_002447; O_002448; O_002449,blaCTX-M; blaOXA-58; blaTEM; incF,D1,Some concerns,Low concern,Disagreement — source-linked adjudication required,Low concern,PDF p.1; PDF p.3,PDF p.3 reports 24-h composites in four independent seasonal campaigns.,Accepted,Accepted,2026-09-13
R1126-U01,R1126,10.1016/j.jhazmat.2022.128933,raw wastewater,final treated wastewater,overall treatment,O_002446; O_002447; O_002448; O_002449,blaCTX-M; blaOXA-58; blaTEM; incF,D2,Low concern,Low concern,Exact agreement,Low concern,PDF p.2; PDF p.3,Exact agreement between X.C.N. and T.U.; jointly accepted.,Accepted,Accepted,2026-09-13
R1126-U01,R1126,10.1016/j.jhazmat.2022.128933,raw wastewater,final treated wastewater,overall treatment,O_002446; O_002447; O_002448; O_002449,blaCTX-M; blaOXA-58; blaTEM; incF,D3,Some concerns,Some concerns,Exact agreement,Some concerns,PDF p.2; PDF p.4; PDF pp.1-14,Exact agreement between X.C.N. and T.U.; jointly accepted.,Accepted,Accepted,2026-09-13
R1126-U01,R1126,10.1016/j.jhazmat.2022.128933,raw wastewater,final treated wastewater,overall treatment,O_002446; O_002447; O_002448; O_002449,blaCTX-M; blaOXA-58; blaTEM; incF,D4,Low concern,Some concerns,Disagreement — source-linked adjudication required,Some concerns,PDF p.1; PDF p.2,"PDF p.2 pools four heterogeneous trains with UV, ozonation, sand filtration and coagulant differences; one common operating context is not specified.",Accepted,Accepted,2026-09-13
R1126-U01,R1126,10.1016/j.jhazmat.2022.128933,raw wastewater,final treated wastewater,overall treatment,O_002446; O_002447; O_002448; O_002449,blaCTX-M; blaOXA-58; blaTEM; incF,D5,Low concern,Low concern,Exact agreement,Low concern,PDF p.2; PDF p.5; PDF p.6,Exact agreement between X.C.N. and T.U.; jointly accepted.,Accepted,Accepted,2026-09-13
R1158-U01,R1158,10.5004/dwt.2020.25712,secondary effluent,treated effluent,coagulation (PAC)-sedimentation-UF,O_002529,tetX,D1,Some concerns,Some concerns,Exact agreement,Some concerns,PDF p.2; PDF pp.1-9,Exact agreement between X.C.N. and T.U.; jointly accepted.,Accepted,Accepted,2026-09-13
R1158-U01,R1158,10.5004/dwt.2020.25712,secondary effluent,treated effluent,coagulation (PAC)-sedimentation-UF,O_002529,tetX,D2,No information,Low concern,Disagreement — source-linked adjudication required,Low concern,PDF p.3; PDF p.2,"PDF p.2 gives controlled PAC coagulation/sedimentation/UF times, mixing and pressure.",Accepted,Accepted,2026-09-13
R1158-U01,R1158,10.5004/dwt.2020.25712,secondary effluent,treated effluent,coagulation (PAC)-sedimentation-UF,O_002529,tetX,D3,Some concerns,Critical concern / insufficient reporting,Disagreement — source-linked adjudication required,Critical concern / insufficient reporting,PDF p.2; PDF p.2-3; PDF pp.1-9,"PDF pp.2-3 lists reagent/cycle conditions and plasmid standards but no efficiency/R2, controls, replication or LOD/LOQ.",Accepted,Accepted,2026-09-13
R1158-U01,R1158,10.5004/dwt.2020.25712,secondary effluent,treated effluent,coagulation (PAC)-sedimentation-UF,O_002529,tetX,D4,Low concern,Low concern,Exact agreement,Low concern,PDF p.2; PDF p.4,Exact agreement between X.C.N. and T.U.; jointly accepted.,Accepted,Accepted,2026-09-13
R1158-U01,R1158,10.5004/dwt.2020.25712,secondary effluent,treated effluent,coagulation (PAC)-sedimentation-UF,O_002529,tetX,D5,Some concerns,Low concern,Disagreement — source-linked adjudication required,Some concerns,PDF p.3; PDF p.4-5,Table 4 supplies the single tetX reduction but does not document censoring/zero/exclusion handling.,Accepted,Accepted,2026-09-13
R1158-U02,R1158,10.5004/dwt.2020.25712,secondary effluent,treated effluent,coagulation (PFS)-sedimentation-UF,O_002530,sulI,D1,Some concerns,Some concerns,Exact agreement,Some concerns,PDF p.2; PDF pp.1-9,Exact agreement between X.C.N. and T.U.; jointly accepted.,Accepted,Accepted,2026-09-13
R1158-U02,R1158,10.5004/dwt.2020.25712,secondary effluent,treated effluent,coagulation (PFS)-sedimentation-UF,O_002530,sulI,D2,No information,Low concern,Disagreement — source-linked adjudication required,Low concern,PDF p.3; PDF p.2,Same controlled PFS coagulation/sedimentation/UF procedure (PDF p.2).,Accepted,Accepted,2026-09-13
R1158-U02,R1158,10.5004/dwt.2020.25712,secondary effluent,treated effluent,coagulation (PFS)-sedimentation-UF,O_002530,sulI,D3,Some concerns,Critical concern / insufficient reporting,Disagreement — source-linked adjudication required,Critical concern / insufficient reporting,PDF p.2; PDF p.2-3; PDF pp.1-9,Same missing assay-validation bundle (PDF pp.2-3).,Accepted,Accepted,2026-09-13
R1158-U02,R1158,10.5004/dwt.2020.25712,secondary effluent,treated effluent,coagulation (PFS)-sedimentation-UF,O_002530,sulI,D4,Low concern,Low concern,Exact agreement,Low concern,PDF p.2; PDF p.4,Exact agreement between X.C.N. and T.U.; jointly accepted.,Accepted,Accepted,2026-09-13
R1158-U02,R1158,10.5004/dwt.2020.25712,secondary effluent,treated effluent,coagulation (PFS)-sedimentation-UF,O_002530,sulI,D5,Some concerns,Low concern,Disagreement — source-linked adjudication required,Some concerns,PDF p.3; PDF p.4-5,Table 4 provides sulI reduction but not non-detect/zero/exclusion handling.,Accepted,Accepted,2026-09-13
R1158-U03,R1158,10.5004/dwt.2020.25712,secondary effluent,treated effluent,direct UF,O_002528,tetA,D1,Some concerns,Some concerns,Exact agreement,Some concerns,PDF p.2; PDF pp.1-9,Exact agreement between X.C.N. and T.U.; jointly accepted.,Accepted,Accepted,2026-09-13
R1158-U03,R1158,10.5004/dwt.2020.25712,secondary effluent,treated effluent,direct UF,O_002528,tetA,D2,No information,Low concern,Disagreement — source-linked adjudication required,Low concern,PDF p.3; PDF p.2,PDF p.2 gives direct-UF controlled pressure and linkage to the same source batch.,Accepted,Accepted,2026-09-13
R1158-U03,R1158,10.5004/dwt.2020.25712,secondary effluent,treated effluent,direct UF,O_002528,tetA,D3,Some concerns,Critical concern / insufficient reporting,Disagreement — source-linked adjudication required,Critical concern / insufficient reporting,PDF p.2; PDF p.2-3; PDF pp.1-9,"Same missing efficiency/R2, controls, replication and LOD/LOQ (PDF pp.2-3).",Accepted,Accepted,2026-09-13
R1158-U03,R1158,10.5004/dwt.2020.25712,secondary effluent,treated effluent,direct UF,O_002528,tetA,D4,Low concern,Low concern,Exact agreement,Low concern,PDF p.2,Exact agreement between X.C.N. and T.U.; jointly accepted.,Accepted,Accepted,2026-09-13
R1158-U03,R1158,10.5004/dwt.2020.25712,secondary effluent,treated effluent,direct UF,O_002528,tetA,D5,Some concerns,Low concern,Disagreement — source-linked adjudication required,Some concerns,PDF p.3; PDF p.4-5,Table 4 provides tetA reduction but not non-detect/zero/exclusion handling.,Accepted,Accepted,2026-09-13
R1169-U01,R1169,10.1016/j.biortech.2018.06.021,influent,final effluent,WWTP,O_002571,mcr-1,D1,Low concern,Some concerns,Disagreement — source-linked adjudication required,Some concerns,PDF p.2; PDF p.3; PDF pp.1-11,"PDF p.3 uses an integrated three-day composite campaign, but not repeated campaigns.",Accepted,Accepted,2026-09-13
R1169-U01,R1169,10.1016/j.biortech.2018.06.021,influent,final effluent,WWTP,O_002571,mcr-1,D2,Low concern,Low concern,Exact agreement,Low concern,PDF p.3; PDF p.2,Exact agreement between X.C.N. and T.U.; jointly accepted.,Accepted,Accepted,2026-09-13
R1169-U01,R1169,10.1016/j.biortech.2018.06.021,influent,final effluent,WWTP,O_002571,mcr-1,D3,Some concerns,Some concerns,Exact agreement,Some concerns,PDF p.3; PDF p.2; PDF pp.1-11,Exact agreement between X.C.N. and T.U.; jointly accepted.,Accepted,Accepted,2026-09-13
R1169-U01,R1169,10.1016/j.biortech.2018.06.021,influent,final effluent,WWTP,O_002571,mcr-1,D4,Low concern,Low concern,Exact agreement,Low concern,PDF p.1; PDF p.2,Exact agreement between X.C.N. and T.U.; jointly accepted.,Accepted,Accepted,2026-09-13
R1169-U01,R1169,10.1016/j.biortech.2018.06.021,influent,final effluent,WWTP,O_002571,mcr-1,D5,Some concerns,Low concern,Disagreement — source-linked adjudication required,Low concern,PDF p.5,PDF p.5 reports the single mcr-1 outcome and residual-effluent caveat.,Accepted,Accepted,2026-09-13
R1177-U01,R1177,10.1016/j.jhazmat.2021.128155,influent,effluent,biological treatment,O_002597,blaTEM,D1,Low concern,Low concern,Exact agreement,Low concern,PDF p.7; PDF p.3,Exact agreement between X.C.N. and T.U.; jointly accepted.,Accepted,Accepted,2026-09-13
R1177-U01,R1177,10.1016/j.jhazmat.2021.128155,influent,effluent,biological treatment,O_002597,blaTEM,D2,Some concerns,Some concerns,Exact agreement,Some concerns,PDF p.7; PDF p.3; PDF pp.1-45,Exact agreement between X.C.N. and T.U.; jointly accepted.,Accepted,Accepted,2026-09-13
R1177-U01,R1177,10.1016/j.jhazmat.2021.128155,influent,effluent,biological treatment,O_002597,blaTEM,D3,Low concern,Some concerns,Disagreement — source-linked adjudication required,Some concerns,PDF p.3; PDF p.7-8; PDF pp.1-45,"PDF pp.7-8 reports NTCs, standards and duplicates but not numerical efficiency/accuracy or LOD/LOQ in the article.",Accepted,Accepted,2026-09-13
R1177-U01,R1177,10.1016/j.jhazmat.2021.128155,influent,effluent,biological treatment,O_002597,blaTEM,D4,Some concerns,Some concerns,Exact agreement,Some concerns,PDF p.5; PDF p.34; PDF pp.1-45,Exact agreement between X.C.N. and T.U.; jointly accepted.,Accepted,Accepted,2026-09-13
R1177-U01,R1177,10.1016/j.jhazmat.2021.128155,influent,effluent,biological treatment,O_002597,blaTEM,D5,Low concern,Some concerns,Disagreement — source-linked adjudication required,Some concerns,PDF p.7; PDF p.29,PDF p.29 reports relative-abundance averages excluding log-increase samples; outcome-selection/exclusion treatment precludes Low concern.,Accepted,Accepted,2026-09-13
R1252-U01,R1252,10.1007/s00253-015-6404-9,influent,final effluent,activated sludge WWTP,O_002706; O_002707,ere(B); erm(B),D1,Low concern,Low concern,Exact agreement,Low concern,PDF p.2,Exact agreement between X.C.N. and T.U.; jointly accepted.,Accepted,Accepted,2026-09-13
R1252-U01,R1252,10.1007/s00253-015-6404-9,influent,final effluent,activated sludge WWTP,O_002706; O_002707,ere(B); erm(B),D2,Some concerns,Some concerns,Exact agreement,Some concerns,PDF p.2; PDF pp.1-13,Exact agreement between X.C.N. and T.U.; jointly accepted.,Accepted,Accepted,2026-09-13
R1252-U01,R1252,10.1007/s00253-015-6404-9,influent,final effluent,activated sludge WWTP,O_002706; O_002707,ere(B); erm(B),D3,Some concerns,Some concerns,Exact agreement,Some concerns,PDF p.2; PDF p.3-4; PDF pp.1-13,Exact agreement between X.C.N. and T.U.; jointly accepted.,Accepted,Accepted,2026-09-13
R1252-U01,R1252,10.1007/s00253-015-6404-9,influent,final effluent,activated sludge WWTP,O_002706; O_002707,ere(B); erm(B),D4,Low concern,Some concerns,Disagreement — source-linked adjudication required,Some concerns,PDF p.2; PDF pp.1-13,"PDF p.2 identifies two-stage anoxic/aerobic activated sludge and settling, but no HRT/SRT operating context.",Accepted,Accepted,2026-09-13
R1252-U01,R1252,10.1007/s00253-015-6404-9,influent,final effluent,activated sludge WWTP,O_002706; O_002707,ere(B); erm(B),D5,Low concern,Low concern,Exact agreement,Low concern,PDF p.4,Exact agreement between X.C.N. and T.U.; jointly accepted.,Accepted,Accepted,2026-09-13
R1343-U01,R1343,10.1080/09603123.2026.2622542,influent,secondary effluent,ASP,O_002754,blaNDM-1,D1,Low concern,Some concerns,Disagreement — source-linked adjudication required,Low concern,PDF p.3,PDF p.3 reports composite samples and independent triplicates in May and December across the plant sites.,Accepted,Accepted,2026-09-13
R1343-U01,R1343,10.1080/09603123.2026.2622542,influent,secondary effluent,ASP,O_002754,blaNDM-1,D2,Some concerns,Some concerns,Exact agreement,Some concerns,PDF p.3-4; PDF p.3; PDF pp.1-13,Exact agreement between X.C.N. and T.U.; jointly accepted.,Accepted,Accepted,2026-09-13
R1343-U01,R1343,10.1080/09603123.2026.2622542,influent,secondary effluent,ASP,O_002754,blaNDM-1,D3,Some concerns,Some concerns,Exact agreement,Some concerns,PDF p.4; PDF pp.1-13,Exact agreement between X.C.N. and T.U.; jointly accepted.,Accepted,Accepted,2026-09-13
R1343-U01,R1343,10.1080/09603123.2026.2622542,influent,secondary effluent,ASP,O_002754,blaNDM-1,D4,Some concerns,Some concerns,Exact agreement,Some concerns,PDF p.2; PDF p.3; PDF pp.1-13,Exact agreement between X.C.N. and T.U.; jointly accepted.,Accepted,Accepted,2026-09-13
R1343-U01,R1343,10.1080/09603123.2026.2622542,influent,secondary effluent,ASP,O_002754,blaNDM-1,D5,Some concerns,Low concern,Disagreement — source-linked adjudication required,Some concerns,PDF p.3; PDF p.7,PDF p.7 provides blaNDM-1 removal but not outcome-specific censoring/zero/exclusion handling.,Accepted,Accepted,2026-09-13
R1343-U02,R1343,10.1080/09603123.2026.2622542,influent,secondary effluent,MBBR,O_002749,qnrS,D1,Low concern,Some concerns,Disagreement — source-linked adjudication required,Low concern,PDF p.3,Same two-season composite/triplicate design (PDF p.3).,Accepted,Accepted,2026-09-13
R1343-U02,R1343,10.1080/09603123.2026.2622542,influent,secondary effluent,MBBR,O_002749,qnrS,D2,Some concerns,Some concerns,Exact agreement,Some concerns,PDF p.3-4; PDF p.3; PDF pp.1-13,Exact agreement between X.C.N. and T.U.; jointly accepted.,Accepted,Accepted,2026-09-13
R1343-U02,R1343,10.1080/09603123.2026.2622542,influent,secondary effluent,MBBR,O_002749,qnrS,D3,Some concerns,Some concerns,Exact agreement,Some concerns,PDF p.4; PDF pp.1-13,Exact agreement between X.C.N. and T.U.; jointly accepted.,Accepted,Accepted,2026-09-13
R1343-U02,R1343,10.1080/09603123.2026.2622542,influent,secondary effluent,MBBR,O_002749,qnrS,D4,Some concerns,Some concerns,Exact agreement,Some concerns,PDF p.2; PDF p.3; PDF pp.1-13,Exact agreement between X.C.N. and T.U.; jointly accepted.,Accepted,Accepted,2026-09-13
R1343-U02,R1343,10.1080/09603123.2026.2622542,influent,secondary effluent,MBBR,O_002749,qnrS,D5,Some concerns,Low concern,Disagreement — source-linked adjudication required,Some concerns,PDF p.3; PDF p.6-7,PDF pp.6-7 provides qnrS removal but not censoring/zero/exclusion handling.,Accepted,Accepted,2026-09-13
R1343-U03,R1343,10.1080/09603123.2026.2622542,influent,secondary effluent,UASB,O_002751; O_002752; O_002753,blaSHV; ermB,D1,Low concern,Some concerns,Disagreement — source-linked adjudication required,Low concern,PDF p.3,Same two-season composite/triplicate design (PDF p.3).,Accepted,Accepted,2026-09-13
R1343-U03,R1343,10.1080/09603123.2026.2622542,influent,secondary effluent,UASB,O_002751; O_002752; O_002753,blaSHV; ermB,D2,Some concerns,Some concerns,Exact agreement,Some concerns,PDF p.3-4; PDF p.3; PDF pp.1-13,Exact agreement between X.C.N. and T.U.; jointly accepted.,Accepted,Accepted,2026-09-13
R1343-U03,R1343,10.1080/09603123.2026.2622542,influent,secondary effluent,UASB,O_002751; O_002752; O_002753,blaSHV; ermB,D3,Some concerns,Some concerns,Exact agreement,Some concerns,PDF p.4; PDF pp.1-13,Exact agreement between X.C.N. and T.U.; jointly accepted.,Accepted,Accepted,2026-09-13
R1343-U03,R1343,10.1080/09603123.2026.2622542,influent,secondary effluent,UASB,O_002751; O_002752; O_002753,blaSHV; ermB,D4,Some concerns,Some concerns,Exact agreement,Some concerns,PDF p.2; PDF p.3; PDF pp.1-13,Exact agreement between X.C.N. and T.U.; jointly accepted.,Accepted,Accepted,2026-09-13
R1343-U03,R1343,10.1080/09603123.2026.2622542,influent,secondary effluent,UASB,O_002751; O_002752; O_002753,blaSHV; ermB,D5,Some concerns,Low concern,Disagreement — source-linked adjudication required,Some concerns,PDF p.3; PDF p.6,PDF p.6 reports outcomes but not censoring/zero/exclusion handling.,Accepted,Accepted,2026-09-13
